-- phpMyAdmin SQL Dump
-- version 4.5.2
-- http://www.phpmyadmin.net
--
-- Host: localhost
-- Generation Time: Feb 10, 2016 at 08:31 PM
-- Server version: 10.1.9-MariaDB
-- PHP Version: 5.6.15

SET SQL_MODE = "NO_AUTO_VALUE_ON_ZERO";
SET time_zone = "+00:00";


/*!40101 SET @OLD_CHARACTER_SET_CLIENT=@@CHARACTER_SET_CLIENT */;
/*!40101 SET @OLD_CHARACTER_SET_RESULTS=@@CHARACTER_SET_RESULTS */;
/*!40101 SET @OLD_COLLATION_CONNECTION=@@COLLATION_CONNECTION */;
/*!40101 SET NAMES utf8mb4 */;

--
-- Database: `mobile_menu2`
--

-- --------------------------------------------------------

--
-- Table structure for table `answer_items`
--

CREATE TABLE `answer_items` (
  `entry_number` int(11) NOT NULL,
  `question_identifier` varchar(10) DEFAULT NULL,
  `answer_identifier` varchar(10) DEFAULT NULL,
  `answer_text` varchar(500) DEFAULT NULL,
  `survey_identifier` varchar(10) NOT NULL
) ENGINE=InnoDB DEFAULT CHARSET=latin1;

-- --------------------------------------------------------

--
-- Table structure for table `food_categories`
--

CREATE TABLE `food_categories` (
  `category_identifier` varchar(10) NOT NULL,
  `restaurant_identifier` varchar(10) DEFAULT NULL,
  `menu_position` int(1) UNSIGNED DEFAULT NULL,
  `category_name` varchar(100) DEFAULT NULL,
  `start_time` int(2) NOT NULL DEFAULT '-1',
  `end_time` int(2) NOT NULL DEFAULT '-1',
  `category_type` int(1) NOT NULL DEFAULT '-1',
  `served_with` varchar(1000) DEFAULT NULL,
  `upsales` varchar(1000) DEFAULT NULL,
  `date_created` timestamp NOT NULL DEFAULT CURRENT_TIMESTAMP ON UPDATE CURRENT_TIMESTAMP
) ENGINE=InnoDB DEFAULT CHARSET=latin1;

--
-- Dumping data for table `food_categories`
--

INSERT INTO `food_categories` (`category_identifier`, `restaurant_identifier`, `menu_position`, `category_name`, `start_time`, `end_time`, `category_type`, `served_with`, `upsales`, `date_created`) VALUES
('1AgvUSaTBy', '1234567890', 1, 'Sweet Stuff', 8, 12, 3, '', 'Add a bottle of Real Maple SyrupWlDaAcTWs4$2.00RHVaDD0TZa', '2016-01-19 04:11:29'),
('J8PoAprgLd', '1234567890', 2, 'Fit and Friendly', 8, 12, 3, '', '', '2016-01-17 17:46:14'),
('oz7Vax7JNJ', '1234567890', 0, 'Homemade Breads', 8, 23, 2, 'Served with your choice of:Mh0MDYFeRbButterdjhdR1D7hOStrawberry PerservesdjhdR1D7hOPeanutbutterdjhdR1D7hOFresh FruitdjhdR1D7hOfrGaQfOMjZ', '', '2016-01-30 02:39:02');

-- --------------------------------------------------------

--
-- Table structure for table `food_data`
--

CREATE TABLE `food_data` (
  `entry_number` int(11) NOT NULL,
  `food_identifier` varchar(10) NOT NULL,
  `person_identifier` varchar(10) NOT NULL,
  `is_interested` tinyint(1) NOT NULL,
  `date_recorded` timestamp NOT NULL DEFAULT CURRENT_TIMESTAMP ON UPDATE CURRENT_TIMESTAMP
) ENGINE=InnoDB DEFAULT CHARSET=latin1;

--
-- Dumping data for table `food_data`
--

INSERT INTO `food_data` (`entry_number`, `food_identifier`, `person_identifier`, `is_interested`, `date_recorded`) VALUES
(19, 'WeeSypTZkR', 'bHdBdIZQQw', 0, '2016-02-06 21:49:18'),
(20, 'x29XwEzDXc', 'bHdBdIZQQw', 0, '2016-01-30 19:36:32'),
(21, 'WeeSypTZkR', 'fEutAhDCZE', 1, '2016-01-30 20:50:00'),
(22, 'WeeSypTZkR', 'TgabuSgIHT', 1, '2016-01-30 19:38:24'),
(23, 'pqDUjpGx67', 'JZcfvjAn12', 0, '2016-01-16 14:58:14'),
(24, 'JYbJjqNVPR', '2ZvRnLFJuW', 1, '2016-01-18 05:49:55'),
(25, 'uuOWwxChmk', 'qWnn61j6PA', 0, '2016-01-02 13:56:07'),
(26, 'PfsiwzMPMp', 'rzADP6XptZ', 1, '2016-01-02 12:10:29'),
(27, '92moUUNOT8', 'swYYnmK35e', 0, '2016-01-04 21:24:38'),
(28, 'WGfHBMHCMj', '0wbnThpcne', 0, '2015-12-16 07:23:41'),
(29, 'WeeSypTZkR', 'NPOotDuq3Y', 0, '2016-01-15 02:27:20'),
(30, '92moUUNOT8', 'pvunuSJeWP', 1, '2016-01-24 14:44:05'),
(31, 'x29XwEzDXc', 'sWlDkeVKrj', 0, '2016-01-04 12:09:35'),
(32, 'pqDUjpGx67', 'Ze8NCBq62u', 1, '2015-12-18 03:40:34'),
(33, 'mAopqsc5n4', '5rZzPtszIo', 0, '2015-12-25 16:45:03'),
(34, 'tBVna7yTsE', 'oblJOGYKqp', 1, '2015-12-16 07:04:31'),
(35, 'WeeSypTZkR', '4pEddhPEoR', 0, '2016-01-21 09:32:38'),
(36, 'mAopqsc5n4', '8tj728BvIj', 0, '2016-01-10 00:32:38'),
(37, 'uuOWwxChmk', 'T6ufQjVO4m', 0, '2016-01-02 17:26:09'),
(38, 'PfsiwzMPMp', 'd8LSmZ9bDx', 0, '2015-12-16 22:35:18'),
(39, 'pqDUjpGx67', '2L0mT3vvyd', 1, '2015-12-25 19:42:59'),
(40, 'x29XwEzDXc', 'PsjkH9EDYI', 0, '2015-12-18 12:16:04'),
(41, 'tBVna7yTsE', 'ZbRL3dKcpn', 0, '2016-01-23 18:42:16'),
(42, 'WGfHBMHCMj', 'Ks9KO2Njyl', 1, '2016-01-02 23:04:20'),
(43, 'UCDd8PLJT0', 'xnNQHv0l8Y', 1, '2015-12-20 03:32:49'),
(44, 'pqDUjpGx67', '47aWTeaDrz', 1, '2016-01-15 00:39:01'),
(45, 'bOwnM6YtrL', '1b1bVQdIaL', 0, '2016-01-06 03:56:40'),
(46, 'HJ5smrKOSc', '3H9RyQmycv', 0, '2015-12-23 11:54:00'),
(47, 'UCDd8PLJT0', 'xhCHdvVo9m', 1, '2016-01-16 19:57:00'),
(48, 'YeAJBLTmsT', 'XbxZmtQAb0', 0, '2016-01-05 03:20:24'),
(49, 'mAopqsc5n4', 'mfIv7gmuOz', 0, '2016-01-14 16:39:45'),
(50, 'JYbJjqNVPR', 'ZmQC347Zsh', 1, '2016-01-09 15:56:36'),
(51, 'uuOWwxChmk', 'mqsUqPngpz', 1, '2015-12-22 04:57:31'),
(52, 'PfsiwzMPMp', 'hLOZhWgEq5', 0, '2015-12-15 09:14:39'),
(53, 'WeeSypTZkR', 'dpr31u89uA', 1, '2015-12-16 16:26:52'),
(54, 'mAopqsc5n4', 'rQ0TKqJ7H8', 0, '2015-12-18 08:26:59'),
(55, 'JYbJjqNVPR', 'GZUvYcrfQS', 0, '2015-12-29 07:40:50'),
(56, 'uuOWwxChmk', 'k3hL7jgfsK', 1, '2015-12-24 06:37:42'),
(57, 'HJ5smrKOSc', 'PTAQNkhxsZ', 0, '2016-01-19 12:23:36'),
(58, 'JYbJjqNVPR', 'G9YBEXN6cE', 0, '2016-01-04 19:04:04'),
(59, 'YeAJBLTmsT', 'YwIgiPzy52', 1, '2015-12-29 13:34:06'),
(60, 'WGfHBMHCMj', 'iUWSLKd3hF', 0, '2016-01-06 11:53:16'),
(61, 'uuOWwxChmk', '2XO1ztZmzb', 0, '2016-01-09 00:13:40'),
(62, 'WGfHBMHCMj', '0yIIO0yoyD', 0, '2016-01-02 22:18:16'),
(63, 'pqDUjpGx67', 'qRynJk7Xnp', 0, '2016-01-03 02:20:48'),
(64, '92moUUNOT8', 'DqnrrWVqiv', 1, '2016-01-22 17:30:14'),
(65, 'UCDd8PLJT0', 'Cj3k2SlBgU', 1, '2016-01-22 08:16:30'),
(66, 'WGfHBMHCMj', 'eGLN4u7bsv', 0, '2016-01-03 16:31:35'),
(67, 'mAopqsc5n4', 'A5VXxnTsNc', 0, '2015-12-27 13:56:37'),
(68, 'UCDd8PLJT0', 'Xqw0LzS6b9', 1, '2015-12-27 05:29:28'),
(69, 'HJ5smrKOSc', '0pQLdUgl5I', 1, '2015-12-16 17:10:27'),
(70, 'YeAJBLTmsT', 'QGOLEl9yNW', 0, '2016-01-18 12:35:07'),
(71, '6zkawUjEZh', 'LLniM8REf2', 0, '2016-01-18 08:56:52'),
(72, 'pqDUjpGx67', 'OgsE2Gyi1E', 0, '2015-12-20 16:59:50'),
(73, 'x29XwEzDXc', '1RkQDYbMxZ', 1, '2015-12-20 14:52:52'),
(74, 'HJ5smrKOSc', 'JiK6Awfsbu', 0, '2016-01-25 20:58:46'),
(75, 'pqDUjpGx67', 'vZKXDMDb5F', 1, '2015-12-28 12:24:08'),
(76, 'pqDUjpGx67', 'P7waX998VG', 1, '2016-01-02 18:45:35'),
(77, 'WGfHBMHCMj', '7EZSLzo02A', 1, '2016-01-01 12:17:04'),
(78, 'uuOWwxChmk', 'uxzfud28p7', 1, '2015-12-25 09:10:06'),
(79, '92moUUNOT8', 'Neekpctykp', 0, '2016-01-19 00:24:29'),
(80, 'JYbJjqNVPR', 'fs3elPOJPQ', 0, '2015-12-29 09:59:20'),
(81, 'WGfHBMHCMj', 'kknTzS7B1w', 1, '2015-12-23 09:12:54'),
(82, '6zkawUjEZh', 'JPLY9aaDJu', 1, '2016-01-06 03:35:08'),
(83, 'PfsiwzMPMp', '2YX6diV12K', 1, '2016-01-24 03:00:41'),
(84, 'mAopqsc5n4', 'Sm4ggE9nga', 0, '2016-01-22 03:18:08'),
(85, 'tzOvdXcdg0', 'UZ0FX9Q7Mz', 0, '2015-12-20 05:33:49'),
(86, 'WGfHBMHCMj', 'CPyAVMSQOV', 0, '2015-12-21 14:16:47'),
(87, 'tzOvdXcdg0', 'BGiGXyk6WB', 1, '2015-12-18 19:51:54'),
(88, 'HJ5smrKOSc', 'hRAhwxrnFe', 1, '2016-01-24 06:21:22'),
(89, 'tBVna7yTsE', 'Xi3wSZiLQ6', 1, '2015-12-23 22:04:00'),
(90, 'YeAJBLTmsT', 'GrNY8KxtRt', 0, '2016-01-21 19:54:48'),
(91, 'x29XwEzDXc', '48kEpRcRfS', 0, '2015-12-15 16:51:16'),
(92, '92moUUNOT8', '5ca9I281NY', 1, '2016-01-04 04:56:30'),
(93, 'WGfHBMHCMj', '7uqUtyF01w', 0, '2016-01-14 18:09:26'),
(94, 'tBVna7yTsE', 'u5EPK4GWVW', 0, '2016-01-06 00:10:17'),
(95, 'HJ5smrKOSc', 'O18YaR1iSP', 1, '2016-01-14 07:41:29'),
(96, 'pqDUjpGx67', 'gZjHUMfAMh', 0, '2016-01-11 22:12:25'),
(97, 'WGfHBMHCMj', '6hmL66PN3L', 0, '2015-12-21 03:24:42'),
(98, '92moUUNOT8', 'JSMSQWJSfB', 1, '2016-01-13 09:32:23'),
(99, 'WeeSypTZkR', 'HwB0dwNs6A', 1, '2016-01-01 03:47:11'),
(100, 'WGfHBMHCMj', 'KdR6YYdOLh', 0, '2016-01-21 16:44:47'),
(101, 'WeeSypTZkR', 'zu9mn0i6Sx', 1, '2016-01-04 01:36:39'),
(102, 'uuOWwxChmk', 'Iz4kAhRoKX', 1, '2016-01-13 21:59:18'),
(103, 'UCDd8PLJT0', 'YubQB9OPXA', 1, '2015-12-29 18:33:47'),
(104, '6zkawUjEZh', '6x5gTsgcy9', 1, '2016-01-22 10:30:53'),
(105, 'tzOvdXcdg0', 'KhJOBk5tIP', 0, '2016-01-12 12:13:55'),
(106, 'UCDd8PLJT0', 'qHkCyVLmLJ', 0, '2015-12-18 21:18:02'),
(107, 'PfsiwzMPMp', 'XRg289uol3', 0, '2016-01-14 18:16:00'),
(108, 'x29XwEzDXc', 'x6lhUXBZqj', 1, '2016-01-19 22:43:37'),
(109, 'PfsiwzMPMp', 'PR1atz6eWR', 0, '2015-12-29 00:40:33'),
(110, 'WGfHBMHCMj', 'YTJeVRoqgK', 1, '2016-01-23 09:40:59'),
(111, '6zkawUjEZh', 'tOQO5LLGLc', 0, '2015-12-20 09:59:40'),
(112, 'UCDd8PLJT0', '0A31LwARLw', 1, '2016-01-21 14:32:53'),
(113, 'mAopqsc5n4', 'IJpsYljnLz', 0, '2016-01-14 08:02:52'),
(114, 'tBVna7yTsE', '8foZ4tKQav', 1, '2016-01-22 16:12:50'),
(115, 'UCDd8PLJT0', '2a65bRBMIn', 0, '2015-12-22 03:14:07'),
(116, 'WGfHBMHCMj', 'ir6IT53dtO', 0, '2016-01-18 02:34:48'),
(117, 'mAopqsc5n4', 'NB4bA8FlYP', 1, '2016-01-16 07:00:17'),
(118, 'uuOWwxChmk', 'Q0ZW5bOHXw', 0, '2016-01-13 12:57:36'),
(119, 'x29XwEzDXc', '4gYbYSg15J', 1, '2015-12-29 11:21:50'),
(120, 'UCDd8PLJT0', 'QSlU4V3Jg1', 0, '2016-01-05 02:00:59'),
(121, 'UCDd8PLJT0', 'y72y38KSPI', 1, '2015-12-28 22:32:43'),
(122, 'mAopqsc5n4', 'pTYn5XflYl', 0, '2016-01-15 01:58:07'),
(123, 'WGfHBMHCMj', '5PeqKimN1D', 0, '2015-12-24 18:19:30'),
(124, 'YeAJBLTmsT', 'PAKR9O0UGP', 1, '2016-01-06 13:14:16'),
(125, 'mAopqsc5n4', 'C5JBtOyJax', 1, '2015-12-24 18:07:27'),
(126, 'YeAJBLTmsT', '4fniG7B2VC', 1, '2015-12-28 13:18:56'),
(127, 'tzOvdXcdg0', 'FLdqDneDhV', 1, '2016-01-09 15:38:48'),
(128, 'PfsiwzMPMp', 'sU1cvu04da', 0, '2015-12-30 20:05:23'),
(129, 'YeAJBLTmsT', 'BiqYB66c92', 1, '2015-12-25 06:09:31'),
(130, '92moUUNOT8', 'PPN2fqqu3H', 0, '2015-12-24 02:15:48'),
(131, 'tzOvdXcdg0', 'pwCrI8VJc9', 1, '2015-12-18 21:00:23'),
(132, 'x29XwEzDXc', 'TOrkN2qTfz', 1, '2015-12-22 23:14:55'),
(133, 'WGfHBMHCMj', 'V4pJ6E9x9d', 0, '2016-01-10 10:25:15'),
(134, 'tzOvdXcdg0', 'fzKR0tZWcc', 1, '2016-01-14 17:53:51'),
(135, 'x29XwEzDXc', '561xqOAQIP', 1, '2016-01-16 07:37:27'),
(136, 'YeAJBLTmsT', 'qDTPn0uwxE', 1, '2015-12-21 12:49:43'),
(137, 'bOwnM6YtrL', 'KMdvEeYEaa', 0, '2015-12-15 23:30:15'),
(138, 'uuOWwxChmk', 'QggROGFoxn', 1, '2015-12-27 19:05:12'),
(139, 'tzOvdXcdg0', 'eX17No8iVG', 1, '2016-01-23 21:37:01'),
(140, 'WeeSypTZkR', 'WGtab7p9Lz', 1, '2016-01-11 17:11:23'),
(141, 'tzOvdXcdg0', 'kCQAtEh92O', 0, '2016-01-14 03:40:12'),
(142, 'mAopqsc5n4', 'xgMzoAYxSU', 0, '2015-12-31 02:07:03'),
(143, 'UCDd8PLJT0', 'dPBG0MOpWz', 1, '2015-12-26 08:25:21'),
(144, '92moUUNOT8', 'ZhbPRFt8Pw', 0, '2015-12-21 13:37:38'),
(145, 'HJ5smrKOSc', 'XmNJWbjVJc', 0, '2015-12-31 05:25:13'),
(146, 'tBVna7yTsE', 'PX2qE2dssa', 0, '2016-01-13 05:11:12'),
(147, 'HJ5smrKOSc', '2rregjTKrI', 0, '2016-01-22 08:18:45'),
(148, 'tBVna7yTsE', 'gp5392fsXZ', 0, '2015-12-29 06:16:08'),
(149, 'JYbJjqNVPR', 'FNWHdAKr3c', 1, '2016-01-05 08:23:57'),
(150, 'mAopqsc5n4', 'B5E2jVldFN', 0, '2016-01-23 14:00:32'),
(151, '6zkawUjEZh', 'WWd20m4gO2', 1, '2015-12-31 02:01:53'),
(152, 'UCDd8PLJT0', 'fuPcc2NWuQ', 0, '2016-01-04 01:04:17'),
(153, 'WeeSypTZkR', '95WO8gJutp', 0, '2016-01-20 03:44:19'),
(154, 'HJ5smrKOSc', 'ipmvrmRwDG', 0, '2016-01-22 20:36:05'),
(155, 'UCDd8PLJT0', 'yTan6nqTkU', 0, '2016-01-08 11:32:31'),
(156, 'WeeSypTZkR', 'Kt0Gi9W2Dq', 1, '2016-01-09 06:18:04'),
(157, 'PfsiwzMPMp', 'rVPNrhaiNO', 1, '2016-01-25 01:00:32'),
(158, 'bOwnM6YtrL', 'YmH9JNwaHQ', 0, '2016-01-08 03:38:33'),
(159, '6zkawUjEZh', '5rk58Ce5ES', 1, '2015-12-31 22:39:48'),
(160, 'uuOWwxChmk', 'v6NlUeD4xr', 1, '2016-01-16 06:36:28'),
(161, 'uuOWwxChmk', 'TvNAFxobH5', 0, '2016-01-03 06:55:45'),
(162, 'JYbJjqNVPR', '2MxmSGZ6LE', 1, '2015-12-26 06:51:46'),
(163, 'bOwnM6YtrL', 'ZhKNDE2gJz', 1, '2016-01-20 16:44:07'),
(164, 'UCDd8PLJT0', 'IC5vdK3BWK', 0, '2016-01-11 16:42:02'),
(165, 'YeAJBLTmsT', 'HYxelpUkwG', 0, '2016-01-18 18:29:58'),
(166, '92moUUNOT8', 'YwXJjBolR7', 0, '2015-12-28 10:41:51'),
(167, 'tzOvdXcdg0', 'UzK05XL8zH', 0, '2016-01-02 19:03:27'),
(168, 'WGfHBMHCMj', 'TgGru1Rpmo', 0, '2016-01-17 17:59:35'),
(169, 'uuOWwxChmk', '5lU34dEszw', 0, '2016-01-01 23:26:49'),
(170, 'WeeSypTZkR', 'Au6kuciflR', 1, '2015-12-16 09:38:48'),
(171, 'tBVna7yTsE', 'Xf7DGCFx22', 0, '2015-12-15 06:40:02'),
(172, '6zkawUjEZh', 'W8nQbs4QVD', 1, '2016-01-07 04:17:49'),
(173, 'x29XwEzDXc', 'nv7uQCG8R2', 1, '2015-12-17 23:12:56'),
(174, 'UCDd8PLJT0', 'ZOh7sXJ8vL', 0, '2015-12-15 22:36:06'),
(175, 'pqDUjpGx67', 'arTxi50mWV', 0, '2016-01-02 23:56:01'),
(176, '92moUUNOT8', 'Zjr7OhJvqB', 1, '2016-01-03 09:53:00'),
(177, 'HJ5smrKOSc', 'xpqOxSMg0h', 1, '2016-01-05 06:40:22'),
(178, '6zkawUjEZh', '2aJWI12InY', 0, '2015-12-15 19:07:26'),
(179, 'mAopqsc5n4', 'Eni5u6meBM', 1, '2015-12-18 22:19:47'),
(180, 'pqDUjpGx67', 'P9cfXK8J09', 1, '2016-01-06 04:09:36'),
(181, 'YeAJBLTmsT', '03kJ03L2L8', 1, '2016-01-15 16:15:26'),
(182, 'JYbJjqNVPR', '1pvkv0rRe3', 1, '2016-01-25 02:28:37'),
(183, 'UCDd8PLJT0', 'E4cRk9BtTC', 1, '2016-01-08 06:10:07'),
(184, 'WGfHBMHCMj', 'CUGXEG0pJM', 1, '2015-12-27 08:32:34'),
(185, 'PfsiwzMPMp', 'xLb35H4xyj', 1, '2016-01-16 20:28:18'),
(186, 'uuOWwxChmk', 'AdnM4IWGbQ', 0, '2016-01-12 05:52:55'),
(187, 'WGfHBMHCMj', 'iNKYKpFKOp', 0, '2015-12-23 19:49:14'),
(188, 'x29XwEzDXc', 'xmaJpfquMY', 0, '2015-12-29 02:26:50'),
(189, 'JYbJjqNVPR', 'NncaahT7X4', 1, '2015-12-29 13:27:43'),
(190, 'YeAJBLTmsT', 'XgRIeC7UnV', 1, '2016-01-03 04:35:52'),
(191, 'x29XwEzDXc', 'jUhtDHJ3bw', 1, '2016-01-14 23:36:11'),
(192, 'PfsiwzMPMp', '2ZUea4v3bs', 1, '2015-12-25 04:50:43'),
(193, 'tzOvdXcdg0', '79IZRXBYSY', 0, '2016-01-01 05:42:29'),
(194, 'x29XwEzDXc', 'UbTcFwUpA6', 1, '2015-12-18 11:15:33'),
(195, 'tBVna7yTsE', 'WC5QRfUmi6', 0, '2016-01-25 07:08:48'),
(196, 'WGfHBMHCMj', 'Pqfyp6w05o', 0, '2015-12-17 00:44:56'),
(197, 'x29XwEzDXc', 'ZZASbgp5FZ', 0, '2015-12-18 19:05:00'),
(198, 'YeAJBLTmsT', 'bCChstwnQP', 1, '2016-01-13 00:42:10'),
(199, 'JYbJjqNVPR', 'tFfJeEPKFV', 1, '2015-12-19 22:28:27'),
(200, 'WGfHBMHCMj', '9EUJx60WcG', 0, '2015-12-21 19:14:17'),
(201, 'tzOvdXcdg0', 'WoiyFK2c8S', 1, '2015-12-28 06:08:02'),
(202, 'YeAJBLTmsT', '1ByhlMVawA', 1, '2016-01-07 10:56:41'),
(203, 'WeeSypTZkR', '5Ff0pM6pJj', 1, '2016-01-22 11:55:21'),
(204, 'uuOWwxChmk', '5FHnem8hyg', 1, '2015-12-28 01:56:59'),
(205, 'bOwnM6YtrL', '9ASHSdtNo0', 1, '2016-01-16 19:19:34'),
(206, 'WGfHBMHCMj', 'ouFEv5rCua', 0, '2015-12-25 04:14:26'),
(207, 'uuOWwxChmk', 'VAQCY5Z6my', 1, '2016-01-15 16:44:30'),
(208, 'mAopqsc5n4', 'nv9gc1uGPT', 1, '2016-01-09 07:49:28'),
(209, 'x29XwEzDXc', 'GenmSTrjvW', 0, '2016-01-20 07:19:31'),
(210, 'YeAJBLTmsT', 'tqwk3up3BL', 0, '2016-01-22 14:42:28'),
(211, 'WeeSypTZkR', 'BZgKftLKaB', 0, '2016-01-24 16:08:19'),
(212, 'WGfHBMHCMj', 'DRP1dHUF0p', 0, '2015-12-26 00:30:10'),
(213, 'uuOWwxChmk', 'BuQ8PUDeXe', 0, '2016-01-22 14:46:25'),
(214, '92moUUNOT8', 'ZyegjuK5eU', 1, '2016-01-12 06:39:47'),
(215, 'JYbJjqNVPR', 'GSLvTYdOEe', 0, '2016-01-04 23:33:17'),
(216, 'mAopqsc5n4', 'dfI4oxY1MV', 0, '2016-01-25 03:50:06'),
(217, 'PfsiwzMPMp', 'gLtu2NYMSd', 0, '2016-01-23 13:19:55'),
(218, 'mAopqsc5n4', 'Gy5r4ZqhN4', 0, '2016-01-20 21:36:00'),
(219, 'x29XwEzDXc', 'v0ke5JM3Ky', 1, '2016-01-01 23:38:06'),
(220, 'UCDd8PLJT0', 'Y0ksvmfu88', 1, '2015-12-18 08:16:23'),
(221, 'uuOWwxChmk', 'HPGNgKMH1z', 0, '2015-12-30 22:18:40'),
(222, '92moUUNOT8', 'MxA7LFQxJB', 0, '2015-12-29 07:52:46'),
(223, 'tBVna7yTsE', '5IBpb7LqBU', 1, '2016-01-15 04:02:23'),
(224, 'tBVna7yTsE', 'ziJf600SI2', 0, '2015-12-16 07:06:58'),
(225, '6zkawUjEZh', 'ruz2CkItRr', 0, '2015-12-18 00:19:54'),
(226, 'UCDd8PLJT0', '4X9GmlN8Lo', 1, '2015-12-22 06:59:25'),
(227, 'mAopqsc5n4', '2lHMANMBGu', 1, '2015-12-24 07:06:49'),
(228, 'tBVna7yTsE', 'D7ZdaCyS5q', 1, '2016-01-05 02:21:31'),
(229, '6zkawUjEZh', 'k9nuPKPCTB', 0, '2015-12-19 09:08:13'),
(230, 'YeAJBLTmsT', '1WWJIwxv8d', 1, '2015-12-23 18:01:00'),
(231, 'mAopqsc5n4', 'ZMlZZvByoG', 1, '2016-01-10 05:24:11'),
(232, 'YeAJBLTmsT', 'YIPmcF61iZ', 0, '2016-01-24 11:07:32'),
(233, 'pqDUjpGx67', 'CkWy3E5B9e', 1, '2016-01-12 06:11:02'),
(234, 'mAopqsc5n4', 'O90a90FKy4', 1, '2015-12-29 18:48:43'),
(235, 'mAopqsc5n4', 'rwMhSZWZ0e', 1, '2016-01-21 14:00:35'),
(236, 'bOwnM6YtrL', 'ZDzVcCAieJ', 0, '2016-01-20 14:52:44'),
(237, 'tBVna7yTsE', 'w2Txc2xSN5', 0, '2015-12-17 18:06:14'),
(238, 'UCDd8PLJT0', 'WeCJvvIrvJ', 0, '2015-12-19 01:13:11'),
(239, 'mAopqsc5n4', 'GunfqzS0S6', 1, '2016-01-18 05:40:02'),
(240, 'WGfHBMHCMj', 'Ko9EVmGtet', 0, '2016-01-02 12:19:27'),
(241, 'HJ5smrKOSc', 'zbIcVdIEFd', 1, '2016-01-12 16:24:40'),
(242, 'pqDUjpGx67', 'omILC8lu9d', 1, '2016-01-19 07:27:34'),
(243, '92moUUNOT8', 'BUBKyx6e0l', 0, '2015-12-18 00:32:15'),
(244, 'tBVna7yTsE', 'IAxrMtFu7k', 1, '2016-01-04 03:29:02'),
(245, 'tzOvdXcdg0', 'HvHqhjzCNI', 0, '2016-01-23 11:57:24'),
(246, 'mAopqsc5n4', 'PpCrabZhq0', 1, '2016-01-08 16:55:08'),
(247, 'WGfHBMHCMj', 'D9AaAmDfQL', 0, '2016-01-19 19:06:57'),
(248, 'pqDUjpGx67', 'AyhhYyAyao', 0, '2016-01-12 09:52:27'),
(249, 'x29XwEzDXc', 'g0OTsY5rfv', 0, '2016-01-23 02:51:59'),
(250, 'bOwnM6YtrL', 'rSE23foHuf', 1, '2015-12-24 20:47:50'),
(251, 'UCDd8PLJT0', 's5OJmMiXls', 0, '2016-01-11 03:26:01'),
(252, '92moUUNOT8', 'mBtavV8Bno', 0, '2015-12-20 04:25:29'),
(253, 'JYbJjqNVPR', '6OhKQk0f1u', 0, '2015-12-15 18:41:24'),
(254, 'JYbJjqNVPR', 'vuzjeW6wTr', 0, '2016-01-24 18:49:08'),
(255, 'tzOvdXcdg0', 'Zg3sqzozaL', 0, '2016-01-21 05:34:56'),
(256, '6zkawUjEZh', 'Xgze1qy1GA', 1, '2016-01-07 17:17:25'),
(257, 'UCDd8PLJT0', 'wb46ui2AOW', 0, '2016-01-24 11:30:15'),
(258, 'WGfHBMHCMj', '1Oc5gCEEcO', 0, '2015-12-23 00:10:08'),
(259, 'JYbJjqNVPR', 'p94Zo6qX77', 1, '2015-12-18 00:18:47'),
(260, 'PfsiwzMPMp', 'xEiCKNVMoK', 1, '2016-01-07 06:59:42'),
(261, 'bOwnM6YtrL', 'IqyVvPy9tK', 0, '2015-12-23 05:10:39'),
(262, '6zkawUjEZh', 'YTT3Ti9kfh', 0, '2015-12-29 08:25:32'),
(263, 'UCDd8PLJT0', 'rNVKpFylsW', 1, '2016-01-06 04:34:42'),
(264, 'HJ5smrKOSc', '5bmD6SsF2W', 0, '2015-12-28 05:51:09'),
(265, 'x29XwEzDXc', 'p0Qj3JBc4Q', 0, '2016-01-25 12:02:44'),
(266, 'bOwnM6YtrL', 'uvEpg45Opy', 0, '2016-01-17 05:07:41'),
(267, 'JYbJjqNVPR', 'LuJ88Q0Av2', 0, '2015-12-27 02:48:26'),
(268, 'UCDd8PLJT0', 'xV3ne67Pjb', 0, '2016-01-12 15:39:56'),
(269, 'bOwnM6YtrL', 'GNHkdXojMO', 0, '2016-01-04 15:57:33'),
(270, 'WGfHBMHCMj', 'RxiBFqsF1Y', 0, '2016-01-02 03:02:03'),
(271, 'pqDUjpGx67', 'IyTLW7S3Xb', 1, '2016-01-06 04:28:41'),
(272, 'WeeSypTZkR', 'eDZVYdTmwF', 1, '2015-12-15 22:18:28'),
(273, '6zkawUjEZh', 'aoct0RUsxV', 0, '2015-12-16 15:09:56'),
(274, 'pqDUjpGx67', 'rfuk1qrTto', 1, '2015-12-24 05:39:19'),
(275, 'PfsiwzMPMp', '5H24D0hwnO', 0, '2016-01-13 11:38:07'),
(276, 'pqDUjpGx67', 'byco1dgVFN', 1, '2015-12-29 22:16:22'),
(277, 'UCDd8PLJT0', 'R63lr5MSYf', 0, '2016-01-20 19:36:58'),
(278, 'tzOvdXcdg0', 'h4Xk8Akq7H', 0, '2015-12-28 09:35:15'),
(279, 'tzOvdXcdg0', 'ejgrIhEYdk', 1, '2015-12-17 14:45:58'),
(280, '92moUUNOT8', 'M5rPrSVdLT', 0, '2015-12-26 06:01:52'),
(281, 'mAopqsc5n4', 's3Yqn61Hx8', 0, '2016-01-20 11:09:56'),
(282, 'WGfHBMHCMj', 'pLsFcaXR8a', 1, '2016-01-05 07:56:30'),
(283, '92moUUNOT8', 'bUgCKHvFUg', 0, '2015-12-22 16:30:21'),
(284, '92moUUNOT8', 'znjxNGEOob', 0, '2016-01-24 12:57:37'),
(285, 'tBVna7yTsE', 'XNWpt9zq1I', 0, '2015-12-18 05:46:52'),
(286, 'WeeSypTZkR', 'BcCRPnyl2t', 0, '2016-01-07 10:10:51'),
(287, '6zkawUjEZh', 'BCQV9ECNt1', 1, '2016-01-10 11:35:11'),
(288, '92moUUNOT8', 'YqPVQi5qI6', 1, '2016-01-21 20:32:03'),
(289, 'x29XwEzDXc', '8jjLb99Jub', 0, '2016-01-22 21:45:02'),
(290, 'bOwnM6YtrL', 'd6O42XIELc', 1, '2015-12-19 05:04:02'),
(291, 'mAopqsc5n4', 'GKCvGtNLTv', 0, '2016-01-17 00:52:21'),
(292, 'UCDd8PLJT0', 'S2PbO0kXKP', 0, '2016-01-18 05:30:18'),
(293, 'PfsiwzMPMp', '9XVX1YUKDG', 0, '2016-01-12 01:39:56'),
(294, 'x29XwEzDXc', 'WjrzO73CSX', 0, '2016-01-22 16:25:07'),
(295, 'tBVna7yTsE', '8KZXWNYhLI', 1, '2016-01-21 08:30:29'),
(296, 'WeeSypTZkR', '6UG2RI0MtD', 0, '2016-01-18 19:41:15'),
(297, '6zkawUjEZh', 'spXTZL02nT', 0, '2016-01-03 11:45:01'),
(298, 'UCDd8PLJT0', 'ZvEYtBMrSx', 1, '2015-12-23 05:36:22'),
(299, 'tBVna7yTsE', 'aZrR1jA253', 1, '2016-01-19 00:14:12'),
(300, 'JYbJjqNVPR', 'FysCrsosuM', 1, '2016-01-07 17:25:49'),
(301, 'uuOWwxChmk', 'mti0sLBfdu', 1, '2015-12-18 00:44:42'),
(302, 'mAopqsc5n4', 'NotffuyPwD', 0, '2016-01-06 00:58:20'),
(303, 'bOwnM6YtrL', 'ScblPDNe6h', 1, '2016-01-25 22:21:28'),
(304, 'bOwnM6YtrL', '0sLise44uh', 0, '2016-01-18 06:12:00'),
(305, 'tzOvdXcdg0', 'yhF1wVw5K3', 0, '2015-12-21 14:09:32'),
(306, '6zkawUjEZh', 'JDgVZ5yMkE', 0, '2016-01-14 07:18:10'),
(307, 'mAopqsc5n4', '4k6QDz5HEz', 1, '2015-12-16 12:39:17'),
(308, 'x29XwEzDXc', 'ZdQEfnALsk', 0, '2015-12-20 14:06:21'),
(309, 'HJ5smrKOSc', 'PbY56XaFKv', 0, '2016-01-24 23:54:01'),
(310, 'tzOvdXcdg0', 'kPPrGt1LaF', 1, '2016-01-25 14:00:30'),
(311, 'PfsiwzMPMp', 'k9TaO8yoU1', 0, '2015-12-17 02:45:59'),
(312, 'x29XwEzDXc', 'JJcIOjFZZq', 1, '2015-12-17 23:26:48'),
(313, 'JYbJjqNVPR', 'ujgkLWNMHY', 1, '2016-01-12 03:55:28'),
(314, '92moUUNOT8', 's28ldWuLlo', 1, '2015-12-31 02:00:57'),
(315, 'JYbJjqNVPR', 'M48ZMWjsWi', 1, '2015-12-16 23:05:57'),
(316, 'WGfHBMHCMj', 'TqC9Lo6yaO', 0, '2015-12-26 04:59:46'),
(317, 'JYbJjqNVPR', 'xDQFZ3BtOX', 0, '2015-12-31 16:23:59'),
(318, 'mAopqsc5n4', 'SB10AOXUhU', 1, '2016-01-24 16:44:22'),
(319, 'YeAJBLTmsT', 'calPk6drFo', 0, '2016-01-03 18:13:40'),
(320, 'YeAJBLTmsT', 'fc15R09tuX', 1, '2016-01-05 17:54:32'),
(321, 'YeAJBLTmsT', 'qnzsoagm4y', 1, '2016-01-07 21:19:01'),
(322, '92moUUNOT8', 'ggJB64Hkvm', 0, '2015-12-27 13:18:42'),
(323, 'mAopqsc5n4', 'IKyKQqLZTg', 0, '2015-12-22 05:26:17'),
(324, 'uuOWwxChmk', 'XjDwL1G2nK', 0, '2015-12-19 16:17:36'),
(325, '6zkawUjEZh', 'BE1kf8oXsT', 0, '2016-01-10 03:54:20'),
(326, 'UCDd8PLJT0', 'jbESVujHtc', 1, '2015-12-18 20:30:10'),
(327, 'HJ5smrKOSc', 'XqwAXiCDl0', 1, '2016-01-01 13:40:13'),
(328, 'tzOvdXcdg0', 'oWEpgTxER0', 1, '2016-01-18 12:30:56'),
(329, '6zkawUjEZh', 'yabc37HmOa', 0, '2016-01-13 20:07:27'),
(330, '92moUUNOT8', 'zLB5lzoXcJ', 0, '2015-12-30 05:34:51'),
(331, 'tzOvdXcdg0', 'YBFC0VwyAn', 1, '2016-01-09 04:10:51'),
(332, 'WGfHBMHCMj', 'y9yJmCR3ZF', 1, '2016-01-22 01:43:16'),
(333, 'uuOWwxChmk', 'eyqQEMp2KC', 1, '2015-12-27 10:48:30'),
(334, 'tzOvdXcdg0', 'LIdqkdmRMX', 0, '2016-01-25 22:57:23'),
(335, 'JYbJjqNVPR', 'el7N5tpWwo', 1, '2016-01-11 18:59:05'),
(336, 'uuOWwxChmk', 'BLX1BBN0Dx', 1, '2016-01-15 05:09:42'),
(337, 'PfsiwzMPMp', 'CpgPQA3dsQ', 0, '2016-01-10 12:52:02'),
(338, 'mAopqsc5n4', 'aHbhugLUci', 1, '2015-12-20 10:20:22'),
(339, 'mAopqsc5n4', 'iN3fPERDFu', 1, '2016-01-20 19:03:07'),
(340, 'tzOvdXcdg0', 'biUr7K1bXu', 0, '2015-12-27 10:06:45'),
(341, 'uuOWwxChmk', '28bdqFtbzG', 1, '2016-01-21 14:21:46'),
(342, '6zkawUjEZh', 'uSux8jcZXR', 1, '2015-12-23 14:01:35'),
(343, 'JYbJjqNVPR', 'u8apzi9Bt7', 1, '2016-01-16 04:02:44'),
(344, 'HJ5smrKOSc', '5vfgJGWdRw', 1, '2016-01-19 23:33:36'),
(345, '6zkawUjEZh', 'TmpoTxH6xF', 1, '2016-01-20 00:38:51'),
(346, 'JYbJjqNVPR', 'Y2N8rmqBXU', 0, '2016-01-02 14:51:52'),
(347, 'uuOWwxChmk', 'I3qXk9Egmw', 1, '2016-01-09 13:27:38'),
(348, 'tBVna7yTsE', 'MgScELJmRh', 0, '2016-01-09 09:53:00'),
(349, '92moUUNOT8', '1PkOYLbom9', 0, '2016-01-02 01:06:18'),
(350, 'YeAJBLTmsT', 'i5cI3wSHNf', 1, '2016-01-19 23:30:01'),
(351, 'YeAJBLTmsT', 'dAv5M9QwwI', 0, '2016-01-04 11:58:18'),
(352, 'bOwnM6YtrL', 'Nxy7mwTxVg', 1, '2015-12-30 05:49:17'),
(353, 'pqDUjpGx67', 'GdmSWppP6c', 1, '2015-12-20 09:43:34'),
(354, 'pqDUjpGx67', '4jMzpyJg4f', 0, '2016-01-10 19:30:16'),
(355, 'PfsiwzMPMp', 'YSMx084UGZ', 0, '2016-01-02 01:02:48'),
(356, 'uuOWwxChmk', 'bmcxf9WFY2', 1, '2016-01-13 09:28:07'),
(357, '6zkawUjEZh', 'R2mECLdl1i', 1, '2016-01-01 20:31:23'),
(358, 'WeeSypTZkR', 'B0aoybxC5d', 1, '2016-01-10 19:15:04'),
(359, 'HJ5smrKOSc', 'BgAONQXKvW', 0, '2016-01-16 02:48:56'),
(360, 'mAopqsc5n4', 'NnZ91BVfXX', 1, '2016-01-25 18:21:01'),
(361, 'WGfHBMHCMj', 'xyXIWvTt8Z', 1, '2016-01-17 05:59:52'),
(362, 'x29XwEzDXc', 'HJfhx37vOC', 0, '2015-12-24 08:48:34'),
(363, 'YeAJBLTmsT', 'rB0rL12Gg0', 1, '2016-01-19 14:37:18'),
(364, 'WeeSypTZkR', 'EOzCww8pZg', 1, '2015-12-15 21:53:35'),
(365, 'x29XwEzDXc', 'oHZEYwI62x', 1, '2016-01-07 03:20:35'),
(366, 'pqDUjpGx67', 'Jt8JVTLXA2', 0, '2016-01-16 18:24:47'),
(367, '92moUUNOT8', 'YeQxQm3YM3', 1, '2016-01-03 22:13:23'),
(368, 'tBVna7yTsE', 'fbKePJLyPN', 1, '2016-01-07 06:39:14'),
(369, 'YeAJBLTmsT', '5yheic83aI', 0, '2015-12-23 03:59:41'),
(370, '6zkawUjEZh', '58XVGOhKN4', 0, '2016-01-16 11:27:29'),
(371, 'UCDd8PLJT0', 'N2fyg5i2D8', 0, '2016-01-02 08:26:20'),
(372, 'bOwnM6YtrL', 'PJG7XZj52u', 0, '2016-01-20 10:36:51'),
(373, 'JYbJjqNVPR', 'O7DL3jAl4n', 1, '2015-12-31 11:11:16'),
(374, 'JYbJjqNVPR', 'pSpErGJJIn', 0, '2016-01-08 13:10:21'),
(375, '92moUUNOT8', 'Ry6yF4xZaz', 0, '2015-12-30 19:10:04'),
(376, 'x29XwEzDXc', 'tYH7KKrk5v', 0, '2015-12-22 18:14:31'),
(377, 'tzOvdXcdg0', 'Iun78OOSyx', 1, '2016-01-08 10:05:06'),
(378, 'bOwnM6YtrL', 'fp5lYLqvLA', 0, '2016-01-18 03:41:00'),
(379, '6zkawUjEZh', '5fyMmjwNDB', 0, '2015-12-24 06:05:40'),
(380, 'PfsiwzMPMp', 'il6Gtevi63', 0, '2016-01-23 08:37:28'),
(381, 'WGfHBMHCMj', 'PmtVHrH7Ws', 1, '2015-12-16 16:02:01'),
(382, 'PfsiwzMPMp', 'I1HhN4AkRe', 0, '2016-01-10 16:45:32'),
(383, 'HJ5smrKOSc', 'VaA2R4gmmn', 1, '2016-01-12 14:29:54'),
(384, 'mAopqsc5n4', 'qcJT8rkPzg', 1, '2015-12-26 08:04:13'),
(385, 'HJ5smrKOSc', 'ihi0z649qW', 1, '2015-12-18 06:56:03'),
(386, 'WeeSypTZkR', 'om7ZoY3Flq', 0, '2016-01-02 20:19:27'),
(387, 'WeeSypTZkR', '3LCMELeYAO', 1, '2016-01-14 17:19:33'),
(388, 'tBVna7yTsE', 'fT6yTFEYP4', 1, '2016-01-14 13:55:35'),
(389, 'mAopqsc5n4', 'Udr2cP0gvm', 1, '2015-12-19 11:44:29'),
(390, '6zkawUjEZh', 'Gy7jlM4zLF', 1, '2015-12-27 09:48:44'),
(391, 'PfsiwzMPMp', 'n0ytzr9dqY', 1, '2015-12-23 20:14:25'),
(392, 'tBVna7yTsE', 'ikcJmpznG4', 1, '2016-01-02 11:31:11'),
(393, 'PfsiwzMPMp', 'JnCRGXDLxo', 0, '2016-01-12 01:29:15'),
(394, 'pqDUjpGx67', 'rVp0pYrycS', 1, '2015-12-24 21:25:34'),
(395, 'WGfHBMHCMj', 'xucJez9OXP', 1, '2015-12-26 07:26:37'),
(396, 'tBVna7yTsE', 'SHcvyTtcF0', 0, '2015-12-21 13:35:17'),
(397, '92moUUNOT8', 'A6VZ6kYyTa', 0, '2015-12-19 20:05:58'),
(398, 'JYbJjqNVPR', 'qqED9TdjHa', 0, '2015-12-29 14:24:15'),
(399, 'bOwnM6YtrL', '8ASk5qeyCT', 0, '2015-12-16 03:53:40'),
(400, '92moUUNOT8', 'yd0uc6ObFI', 0, '2016-01-15 18:00:39'),
(401, 'uuOWwxChmk', 'l580JiTWBB', 1, '2016-01-09 16:39:07'),
(402, 'mAopqsc5n4', '7JbZ4gqjO3', 1, '2015-12-24 01:53:19'),
(403, 'YeAJBLTmsT', 'cngcStjHEY', 1, '2016-01-01 04:39:46'),
(404, 'bOwnM6YtrL', 'pZ4xZOPTKq', 0, '2016-01-08 03:26:30'),
(405, 'tBVna7yTsE', 'uSaFSfVizK', 1, '2016-01-19 03:29:25'),
(406, 'JYbJjqNVPR', 'lL8BY05iIJ', 1, '2016-01-14 21:14:20'),
(407, 'UCDd8PLJT0', 'g7IlEI9uBU', 0, '2015-12-18 22:18:59'),
(408, 'WGfHBMHCMj', 'V6N6LFlHXU', 1, '2016-01-25 22:25:49'),
(409, 'pqDUjpGx67', 'sjGBVFC0Xk', 0, '2016-01-16 20:13:40'),
(410, 'WGfHBMHCMj', 'Jersz6bJAN', 0, '2016-01-10 23:34:54'),
(411, 'HJ5smrKOSc', 'EwTrCF7Ym5', 1, '2016-01-16 17:05:13'),
(412, 'PfsiwzMPMp', 'TPozqke2kc', 1, '2015-12-24 06:21:13'),
(413, 'pqDUjpGx67', 'm4qOx0UIJv', 1, '2016-01-05 07:24:47'),
(414, 'WeeSypTZkR', 'vn1pPD4WBr', 0, '2016-01-25 23:36:48'),
(415, 'JYbJjqNVPR', '1ugq4GKjI5', 0, '2015-12-16 10:41:00'),
(416, '92moUUNOT8', 'v59WTHWNpF', 1, '2016-01-07 22:25:50'),
(417, 'JYbJjqNVPR', 'jV3kkTYpQA', 0, '2016-01-07 00:14:16'),
(418, 'HJ5smrKOSc', 'QS56i9M3tv', 1, '2015-12-16 22:21:56'),
(419, '92moUUNOT8', '9YAjUt0Rhq', 0, '2016-01-07 08:58:20'),
(420, 'WGfHBMHCMj', 'xAlAVGuU5k', 0, '2016-01-20 21:29:31'),
(421, 'WGfHBMHCMj', 'uWcz2vJOzc', 1, '2015-12-15 22:06:13'),
(422, 'tBVna7yTsE', 'kIaU15n2WF', 1, '2016-01-19 08:10:47'),
(423, '92moUUNOT8', 'sugN5cuz6A', 1, '2015-12-28 17:25:54'),
(424, 'uuOWwxChmk', 'UAw7ayCTnc', 1, '2016-01-10 12:03:30'),
(425, 'PfsiwzMPMp', '5HVgCWm0Yj', 0, '2016-01-01 03:47:53'),
(426, 'UCDd8PLJT0', 'FrNVfS7Jre', 0, '2016-01-08 15:14:16'),
(427, 'tBVna7yTsE', 'kmPQtZp6TN', 1, '2015-12-16 07:55:30'),
(428, 'bOwnM6YtrL', 'iYudf7aB79', 0, '2016-01-23 18:22:53'),
(429, 'bOwnM6YtrL', 'VMAIIQAQz2', 0, '2015-12-18 03:29:08'),
(430, 'UCDd8PLJT0', '4TpTKST9ZM', 0, '2016-01-11 02:15:15'),
(431, 'WGfHBMHCMj', 'WhLrv0yGCG', 1, '2015-12-29 05:47:33'),
(432, 'WGfHBMHCMj', 'QxsrfbhQ1R', 0, '2016-01-18 18:42:15'),
(433, 'JYbJjqNVPR', 'T6Ki0vbTEa', 1, '2015-12-29 18:50:50'),
(434, 'pqDUjpGx67', 'GBsr3YrCE4', 1, '2016-01-18 23:24:59'),
(435, 'PfsiwzMPMp', 'iuBLVRWdHY', 1, '2016-01-01 01:06:04'),
(436, 'x29XwEzDXc', '4B4OU5k5ZZ', 0, '2016-01-19 05:52:03'),
(437, 'uuOWwxChmk', 'gFAI7EGzgl', 1, '2015-12-31 04:37:08'),
(438, 'bOwnM6YtrL', 'DyPejL6gYN', 1, '2015-12-28 03:25:53'),
(439, 'x29XwEzDXc', 'e2pjRjocpo', 1, '2015-12-17 01:11:40'),
(440, 'WeeSypTZkR', 'bF4Mobq4LH', 1, '2016-01-11 23:39:57'),
(441, 'JYbJjqNVPR', 'poffDz1JPZ', 1, '2016-01-21 21:27:36'),
(442, 'tBVna7yTsE', 'x42XnUgM6G', 0, '2016-01-03 08:03:32'),
(443, 'WGfHBMHCMj', 'aile4JquOb', 1, '2015-12-24 10:31:03'),
(444, 'uuOWwxChmk', 'beArtd1uXQ', 0, '2015-12-26 16:35:44'),
(445, 'tBVna7yTsE', 'uvUxsisJ4z', 1, '2015-12-17 13:16:58'),
(446, '6zkawUjEZh', 'peRLtVvTqj', 0, '2015-12-27 07:20:31'),
(447, 'x29XwEzDXc', '5CyF31T4wR', 1, '2015-12-23 20:38:33'),
(448, '6zkawUjEZh', 'V1mQyO91yd', 0, '2016-01-19 03:54:11'),
(449, 'YeAJBLTmsT', 'AXsrIWmeQN', 0, '2016-01-23 01:47:14'),
(450, 'HJ5smrKOSc', 'yVp6Bs8uxE', 1, '2016-01-12 20:22:25'),
(451, 'WeeSypTZkR', 'ltFIkextg5', 1, '2016-01-08 12:23:00'),
(452, 'YeAJBLTmsT', 'HQ2ahL6E0W', 0, '2016-01-08 17:04:59'),
(453, 'x29XwEzDXc', 'rySQEtjMYR', 1, '2015-12-31 20:59:21'),
(454, 'bOwnM6YtrL', 'rkl72Fmz9C', 1, '2016-01-09 13:14:16'),
(455, 'WeeSypTZkR', 'ERsH1Kt8ot', 1, '2016-01-24 09:19:10'),
(456, 'YeAJBLTmsT', '4P1XGGr0tp', 1, '2015-12-29 00:36:57'),
(457, '92moUUNOT8', 'RUKd1MTnm2', 1, '2016-01-23 17:39:47'),
(458, 'bOwnM6YtrL', 'Z1UsJVcc3A', 1, '2016-01-18 19:28:47'),
(459, 'HJ5smrKOSc', 'G8qI66ox7R', 1, '2015-12-22 04:38:32'),
(460, 'WeeSypTZkR', 'XYLHbNu4aQ', 1, '2016-01-23 01:43:13'),
(461, 'WeeSypTZkR', '7aS1CBXOO0', 0, '2016-01-24 17:59:08'),
(462, 'mAopqsc5n4', 'ou9PcfWAN3', 1, '2015-12-20 07:49:19'),
(463, 'WeeSypTZkR', 'sK1esd1Wic', 1, '2016-01-01 13:31:16'),
(464, '6zkawUjEZh', 'NqmGsYhpN5', 1, '2016-01-18 21:03:25'),
(465, 'x29XwEzDXc', 'qczA1MPXmD', 1, '2015-12-25 14:27:42'),
(466, 'x29XwEzDXc', '0Pn23Qg4Mz', 1, '2016-01-06 16:00:13'),
(467, 'uuOWwxChmk', 'gAZDgsCyRp', 0, '2016-01-20 22:53:22'),
(468, 'WGfHBMHCMj', 'DiBdSDZHAm', 0, '2016-01-05 08:21:48'),
(469, 'HJ5smrKOSc', 'kBbIDeyTjl', 1, '2015-12-19 21:40:20'),
(470, '6zkawUjEZh', 'tzWsddUPLM', 1, '2015-12-22 00:23:12'),
(471, 'tzOvdXcdg0', 'ep4QDWtDE4', 1, '2016-01-05 01:43:12'),
(472, '6zkawUjEZh', '0ZFbIiqhcK', 1, '2015-12-17 11:44:10'),
(473, '6zkawUjEZh', 'DFkz8xN3mz', 0, '2016-01-05 13:26:21'),
(474, 'bOwnM6YtrL', 'PBYUrCQVgv', 0, '2016-01-06 19:58:37'),
(475, 'tBVna7yTsE', 'ZguEscXTta', 0, '2016-01-18 11:02:16'),
(476, 'tBVna7yTsE', 'D6QXGZut2Q', 1, '2016-01-03 00:50:54'),
(477, 'WGfHBMHCMj', '2Ss1MTEDOU', 0, '2015-12-20 23:09:24'),
(478, 'PfsiwzMPMp', '8OaCtDPrwi', 1, '2016-01-23 09:46:45'),
(479, 'mAopqsc5n4', 'B9ps65rAzu', 0, '2016-01-23 12:36:07'),
(480, 'uuOWwxChmk', 'rCmTE9NiMC', 1, '2016-01-13 00:29:47'),
(481, '6zkawUjEZh', 'cUqnxU0mlw', 1, '2015-12-16 06:35:00'),
(482, '92moUUNOT8', 'FXF4qMaRmK', 0, '2015-12-21 23:07:28'),
(483, 'HJ5smrKOSc', 'mOmJI1SvjF', 1, '2016-01-05 12:19:44'),
(484, 'pqDUjpGx67', '8wAyU7tUuO', 1, '2016-01-08 12:01:54'),
(485, 'UCDd8PLJT0', 'r9M7ecTp4g', 1, '2015-12-29 15:28:26'),
(486, 'HJ5smrKOSc', 'aq5w9Nx2jR', 1, '2015-12-20 07:44:55'),
(487, 'tBVna7yTsE', 'Hrni0hptcU', 0, '2015-12-17 14:24:53'),
(488, 'pqDUjpGx67', 'hD34LigEIk', 1, '2016-01-02 12:52:44'),
(489, 'PfsiwzMPMp', 'USKZpUNXX6', 0, '2015-12-22 16:32:38'),
(490, 'WGfHBMHCMj', 'OFxcXxun0G', 0, '2016-01-04 06:49:02'),
(491, 'PfsiwzMPMp', 'hiklm5DCJm', 1, '2016-01-09 18:14:25'),
(492, 'pqDUjpGx67', 'XEeIEDCsAz', 1, '2016-01-01 04:18:05'),
(493, 'YeAJBLTmsT', 'ype5BbD5yE', 1, '2016-01-08 15:34:18'),
(494, 'HJ5smrKOSc', 'MQX6bjcPWW', 1, '2016-01-07 11:49:26'),
(495, 'x29XwEzDXc', 'bTBpBf3eHD', 0, '2015-12-17 21:55:03'),
(496, 'tBVna7yTsE', 'Og32mEeZKN', 0, '2015-12-28 03:56:55'),
(497, 'HJ5smrKOSc', 'EwDBDPUPER', 0, '2015-12-26 06:51:56'),
(498, 'bOwnM6YtrL', 'LQLmgnCjBk', 0, '2015-12-25 11:46:48'),
(499, 'uuOWwxChmk', 'XpA0sWEHWo', 0, '2016-01-25 17:18:36'),
(500, 'uuOWwxChmk', 'vAV9byY6nD', 1, '2016-01-06 22:07:56'),
(501, 'tBVna7yTsE', 'X9tIwJ682H', 0, '2016-01-07 09:17:35'),
(502, 'x29XwEzDXc', 't0730A0FhW', 1, '2015-12-31 01:11:52'),
(503, 'YeAJBLTmsT', '4MxZWIyUOW', 0, '2016-01-06 06:34:43'),
(504, 'uuOWwxChmk', 'xM51vBKBKN', 1, '2016-01-15 03:59:18'),
(505, 'YeAJBLTmsT', 'jdNrhO1htj', 0, '2015-12-29 23:41:13'),
(506, 'WGfHBMHCMj', 'ey6Ly2u6Wj', 1, '2016-01-06 15:00:52'),
(507, 'PfsiwzMPMp', '2u58vBKgcu', 1, '2015-12-22 12:02:39'),
(508, 'YeAJBLTmsT', '3wIRXZGYha', 0, '2016-01-16 07:14:02'),
(509, 'WGfHBMHCMj', 'hvInggqLnm', 1, '2016-01-22 17:15:59'),
(510, 'bOwnM6YtrL', '4pQ9ymLiCX', 1, '2015-12-20 06:56:46'),
(511, 'JYbJjqNVPR', 'NGuwxrwepN', 1, '2016-01-04 03:25:53'),
(512, 'WeeSypTZkR', 'oHi75znvlL', 1, '2015-12-24 15:55:24'),
(513, '6zkawUjEZh', 'SpbJzJ5k2I', 0, '2016-01-21 17:26:21'),
(514, '6zkawUjEZh', 'iPoMlWdSaD', 1, '2016-01-20 04:32:34'),
(515, 'tBVna7yTsE', 'FylYGry4XT', 1, '2015-12-29 04:27:17'),
(516, 'pqDUjpGx67', 'PPi0zRKFbM', 0, '2016-01-06 08:54:46'),
(517, 'PfsiwzMPMp', 'nuCMgYIuQS', 0, '2015-12-20 04:19:43'),
(518, 'UCDd8PLJT0', '7vrtt8U1cR', 1, '2015-12-16 20:56:41'),
(519, 'PfsiwzMPMp', 'V1Gd2g5MVg', 0, '2016-01-01 20:11:35'),
(520, 'x29XwEzDXc', 'yjKa518NvY', 1, '2015-12-19 08:41:56'),
(521, 'x29XwEzDXc', 'GDu86Yg00t', 0, '2016-01-15 22:48:51'),
(522, '6zkawUjEZh', 'RVuy8xOdjK', 1, '2015-12-20 02:51:25'),
(523, 'tzOvdXcdg0', 'uS3f38gcWM', 0, '2016-01-08 05:54:27'),
(524, 'UCDd8PLJT0', 'bCpFLvD2wD', 1, '2015-12-28 13:00:19'),
(525, 'WGfHBMHCMj', 'vny0WHxLVR', 0, '2015-12-29 18:34:04'),
(526, 'JYbJjqNVPR', 'vpJzFMHWYD', 0, '2016-01-14 00:53:03'),
(527, 'mAopqsc5n4', 'Iag8P2Et4a', 0, '2015-12-30 13:55:55'),
(528, 'tzOvdXcdg0', '7AyGAun7gi', 0, '2015-12-18 12:14:43'),
(529, '6zkawUjEZh', 'YLIIlov2ku', 0, '2016-01-07 11:46:26'),
(530, 'tBVna7yTsE', 'G3EXcuZQX3', 1, '2016-01-01 02:44:46'),
(531, 'PfsiwzMPMp', '04DyKe38mk', 1, '2016-01-17 10:37:39'),
(532, 'PfsiwzMPMp', 'qk693rxytS', 1, '2016-01-03 10:50:17'),
(533, 'HJ5smrKOSc', '2aVH77b6X8', 1, '2015-12-23 00:41:54'),
(534, 'tzOvdXcdg0', 'aYdOxX2B5o', 0, '2015-12-25 00:14:49'),
(535, 'YeAJBLTmsT', 'VwJ1FNsdlV', 1, '2015-12-25 02:04:57'),
(536, 'mAopqsc5n4', '5o605d8gk6', 1, '2015-12-20 02:01:52'),
(537, 'bOwnM6YtrL', 'ou4BjCzmdF', 1, '2015-12-31 07:56:06'),
(538, 'JYbJjqNVPR', 'K8bu9RhB4D', 0, '2016-01-01 10:07:37'),
(539, 'HJ5smrKOSc', 'x91Ea6Rinb', 1, '2016-01-06 14:50:45'),
(540, 'x29XwEzDXc', 'pLGunZ6Xlj', 0, '2016-01-16 00:28:06'),
(541, '6zkawUjEZh', 'C6sNACESdI', 0, '2016-01-11 23:39:27'),
(542, '6zkawUjEZh', 'vLRwp2Dhl0', 1, '2016-01-12 18:51:46'),
(543, 'WeeSypTZkR', 'sKM8ea8l7t', 0, '2016-01-05 11:49:09'),
(544, 'UCDd8PLJT0', 'FJz7waJb2X', 0, '2015-12-15 11:09:44'),
(545, 'WGfHBMHCMj', 'UyJL59OIq9', 1, '2016-01-14 01:11:39'),
(546, 'pqDUjpGx67', 'JTTv28FatN', 1, '2016-01-10 04:30:33'),
(547, 'bOwnM6YtrL', 'E8weg3oZer', 1, '2015-12-22 22:00:50'),
(548, 'WGfHBMHCMj', 'X8ZHU4QINh', 1, '2016-01-15 12:43:34'),
(549, 'bOwnM6YtrL', 'SwaL2dUIon', 0, '2015-12-18 03:37:24'),
(550, 'WeeSypTZkR', 'v2w2gM5FMk', 0, '2015-12-30 20:42:23'),
(551, 'HJ5smrKOSc', '6Kt6rnbh6Y', 1, '2016-01-04 18:07:44'),
(552, 'pqDUjpGx67', 'zZvKKxXFgl', 1, '2016-01-06 18:48:08'),
(553, 'tzOvdXcdg0', '2LozNEmTk9', 1, '2016-01-14 00:55:07'),
(554, 'UCDd8PLJT0', 'dqTGwk4HCb', 0, '2015-12-16 23:51:57'),
(555, 'bOwnM6YtrL', 'GcabWVJTAZ', 1, '2016-01-20 12:47:54'),
(556, '6zkawUjEZh', 'fDLEdzizsC', 0, '2015-12-21 03:52:37'),
(557, 'tBVna7yTsE', 'IG3BmAWriz', 1, '2015-12-27 09:36:25'),
(558, 'tzOvdXcdg0', 'CYLNaIJTCj', 0, '2016-01-06 06:25:34'),
(559, 'tzOvdXcdg0', 'TRXEvadOJG', 0, '2015-12-21 12:55:55'),
(560, 'bOwnM6YtrL', 'rsmv4J51an', 0, '2016-01-14 01:40:01'),
(561, '92moUUNOT8', 'ANmmBw5kqH', 1, '2016-01-02 07:10:09'),
(562, 'x29XwEzDXc', 'EkzBZ5LdUv', 1, '2016-01-14 16:29:43'),
(563, 'bOwnM6YtrL', 'TlXfR2YW39', 1, '2016-01-09 14:16:45'),
(564, '6zkawUjEZh', 'kEXG1yd6SE', 1, '2015-12-27 18:50:57'),
(565, 'pqDUjpGx67', 'NwZn7YsTbm', 1, '2015-12-23 08:39:31'),
(566, 'UCDd8PLJT0', 'p4Inkzpjws', 0, '2016-01-16 01:54:56'),
(567, 'WGfHBMHCMj', 'sQ6px8XLeQ', 0, '2015-12-30 02:07:29'),
(568, 'YeAJBLTmsT', 'q2mppunRoy', 0, '2015-12-29 19:49:37'),
(569, 'JYbJjqNVPR', 'eNDWaYwzh2', 1, '2015-12-18 10:23:28'),
(570, 'PfsiwzMPMp', '1KT8arg8cv', 1, '2016-01-21 23:51:04'),
(571, 'WGfHBMHCMj', 'YDxl2XPqPd', 0, '2016-01-09 12:44:49'),
(572, 'tzOvdXcdg0', 'Z30C0bAxKS', 0, '2015-12-31 15:31:28'),
(573, 'tzOvdXcdg0', 'AMCtVMUcU7', 1, '2015-12-28 17:17:22'),
(574, 'uuOWwxChmk', 'HTKfeNc3d1', 0, '2016-01-02 03:10:59'),
(575, '92moUUNOT8', 'hc5iP6tqDe', 0, '2016-01-16 16:29:57'),
(576, 'HJ5smrKOSc', 'je1VHWIC8D', 1, '2016-01-11 07:44:46'),
(577, '6zkawUjEZh', 'KQwv5KjiOw', 0, '2015-12-28 14:05:07'),
(578, 'tBVna7yTsE', 'j6JpozwSZa', 0, '2015-12-22 16:10:18'),
(579, 'uuOWwxChmk', '6io8e64WJd', 1, '2015-12-23 16:12:29'),
(580, '92moUUNOT8', 'zt36Z8QiqF', 1, '2015-12-15 20:18:45'),
(581, 'x29XwEzDXc', 'OKLyaa7G27', 1, '2015-12-26 19:57:04'),
(582, 'PfsiwzMPMp', 'Q9qfhElmB4', 1, '2016-01-14 03:18:48'),
(583, 'bOwnM6YtrL', 'zbyChxL8Pc', 1, '2016-01-23 00:11:29'),
(584, 'PfsiwzMPMp', 'OEXzd7KkON', 1, '2016-01-13 14:24:45'),
(585, 'WGfHBMHCMj', 'sFXSUewgB7', 0, '2015-12-18 21:27:55'),
(586, 'uuOWwxChmk', 'kajSNAqzJf', 1, '2015-12-19 04:25:09'),
(587, 'bOwnM6YtrL', 'LxUI77QRsF', 1, '2015-12-16 12:15:43'),
(588, 'UCDd8PLJT0', 'EUkBMfQjvs', 1, '2016-01-17 03:34:07'),
(589, 'YeAJBLTmsT', 'rPCKIqk8Z4', 1, '2015-12-26 09:41:36'),
(590, 'mAopqsc5n4', 'oLBjuIrkAT', 1, '2016-01-06 11:47:18'),
(591, 'JYbJjqNVPR', 'ZfOkQBzHU5', 0, '2015-12-31 15:59:37'),
(592, 'HJ5smrKOSc', '9lVM5DdqMc', 0, '2015-12-24 17:35:57'),
(593, 'pqDUjpGx67', 'uaY6usOVMp', 0, '2016-01-21 23:21:47'),
(594, 'PfsiwzMPMp', 'OMED7veHd8', 0, '2015-12-27 08:35:05'),
(595, 'YeAJBLTmsT', 'MnuHazln07', 0, '2015-12-23 10:08:42'),
(596, 'YeAJBLTmsT', 'AuiyAN0pIN', 0, '2016-01-17 15:00:16'),
(597, 'JYbJjqNVPR', 'PxAtaHZppc', 0, '2015-12-16 10:27:02'),
(598, 'bOwnM6YtrL', 'xbz2TKBf7B', 1, '2016-01-23 09:20:42'),
(599, 'x29XwEzDXc', 'nH6GgGtg6b', 0, '2016-01-22 12:36:49'),
(600, 'YeAJBLTmsT', '4VJEpUmojL', 1, '2015-12-25 02:18:52'),
(601, 'PfsiwzMPMp', 'BRXbTRVu62', 0, '2015-12-29 12:19:30'),
(602, 'bOwnM6YtrL', '6tKc90TDhZ', 1, '2016-01-10 01:32:53'),
(603, 'UCDd8PLJT0', 'OmVy0ksnJL', 1, '2016-01-04 22:56:11'),
(604, 'mAopqsc5n4', '8kC6vvXq03', 0, '2016-01-11 22:08:08'),
(605, 'HJ5smrKOSc', 's7xdjGdcjv', 1, '2015-12-19 06:52:24'),
(606, 'HJ5smrKOSc', 'c8R8HRs9fb', 1, '2016-01-01 07:21:58'),
(607, '92moUUNOT8', 'Uowxu13rr3', 1, '2016-01-23 10:56:08'),
(608, 'PfsiwzMPMp', 'uUa17uIlH2', 0, '2016-01-11 22:51:27'),
(609, '6zkawUjEZh', 'QUbH2Szv2O', 1, '2015-12-28 13:45:30'),
(610, 'JYbJjqNVPR', 'HWcduHfx8G', 1, '2015-12-24 15:07:52'),
(611, 'mAopqsc5n4', 'BDBMFIho4Y', 1, '2016-01-01 11:24:22'),
(612, 'bOwnM6YtrL', 'qUTCBVubrw', 1, '2015-12-31 16:37:37'),
(613, 'tBVna7yTsE', '08tdmYUBw2', 0, '2016-01-13 22:56:05'),
(614, 'YeAJBLTmsT', 'i8GTVlCcJG', 0, '2015-12-25 23:12:03'),
(615, '6zkawUjEZh', 'baA4Mc0hor', 0, '2016-01-07 05:35:38'),
(616, 'bOwnM6YtrL', 'NoAhBWgvyM', 1, '2016-01-04 03:22:46'),
(617, '6zkawUjEZh', 'yQUeJPzl2j', 1, '2015-12-31 13:43:02'),
(618, 'PfsiwzMPMp', '1dtCifPjwd', 1, '2016-01-25 22:19:55'),
(619, 'WeeSypTZkR', 'LkBlCdiSJQ', 1, '2016-01-23 11:28:49'),
(620, 'WeeSypTZkR', 'EhHzwqo5Mr', 0, '2016-01-13 18:22:10'),
(621, 'x29XwEzDXc', 'pOESrX8ggE', 1, '2015-12-30 04:57:09'),
(622, 'bOwnM6YtrL', 't1Z5mBiFt1', 0, '2015-12-22 07:53:47'),
(623, 'tBVna7yTsE', 'w8idHOE6Uq', 1, '2016-01-08 17:17:26'),
(624, '6zkawUjEZh', 'xkfbcG8kWo', 0, '2016-01-05 21:43:10'),
(625, 'UCDd8PLJT0', 'ZqqYvNzNs2', 1, '2016-01-08 04:37:08'),
(626, 'bOwnM6YtrL', 'PYb8cSXQYR', 0, '2016-01-06 23:13:24'),
(627, 'YeAJBLTmsT', 'hvbxHoePJa', 1, '2015-12-19 15:47:46'),
(628, 'YeAJBLTmsT', 'eIBFH6sgUU', 0, '2016-01-23 15:47:22'),
(629, 'x29XwEzDXc', 'jJTuS6mPWl', 1, '2016-01-11 08:56:21'),
(630, 'HJ5smrKOSc', 'HeQTMxh0n1', 1, '2015-12-22 19:03:16'),
(631, '6zkawUjEZh', 'bCJMhqTJHN', 1, '2015-12-24 09:31:36'),
(632, 'JYbJjqNVPR', 'E1xywpETeB', 1, '2016-01-02 16:53:01'),
(633, 'PfsiwzMPMp', 'eVP5OCC6C0', 1, '2016-01-23 16:30:10'),
(634, 'JYbJjqNVPR', '7NDRAUitEZ', 0, '2016-01-21 00:56:45'),
(635, 'YeAJBLTmsT', 'hi1OQxeuqt', 1, '2015-12-27 18:46:42'),
(636, 'WGfHBMHCMj', '6FpWKeynka', 1, '2016-01-14 20:07:33'),
(637, 'UCDd8PLJT0', 'nsY0jyVB1z', 0, '2016-01-11 20:32:26'),
(638, 'HJ5smrKOSc', 'BjSD8JameB', 0, '2015-12-16 01:50:08'),
(639, 'UCDd8PLJT0', 'Pkgfg1tOoN', 0, '2016-01-07 15:01:34'),
(640, '6zkawUjEZh', 'ZLfYMzwIby', 0, '2016-01-05 19:58:24'),
(641, 'WGfHBMHCMj', 'iMRaqZUAm9', 0, '2016-01-21 08:36:57'),
(642, 'PfsiwzMPMp', 'ccttrKuUzS', 0, '2015-12-22 20:21:46'),
(643, 'PfsiwzMPMp', 'IzEYxrx39I', 0, '2015-12-22 15:57:32'),
(644, 'mAopqsc5n4', 'CrvuCWtxwQ', 0, '2016-01-25 22:03:32'),
(645, 'UCDd8PLJT0', 'GJ29ctUGot', 0, '2016-01-01 03:19:39'),
(646, '6zkawUjEZh', 'z62d4AECDO', 0, '2015-12-24 13:15:47'),
(647, 'WeeSypTZkR', 'lgfRKSNepk', 0, '2015-12-20 05:16:22'),
(648, 'WGfHBMHCMj', '4536fgAaXY', 0, '2016-01-12 14:26:31'),
(649, '6zkawUjEZh', 'Dw5GJagoNU', 0, '2015-12-22 07:12:04'),
(650, '6zkawUjEZh', 'c8as0VkO9K', 1, '2016-01-13 01:50:22'),
(651, 'bOwnM6YtrL', '8dPck5tVfq', 1, '2016-01-01 09:56:40'),
(652, 'mAopqsc5n4', 'TTWZAGaR5X', 0, '2015-12-23 16:59:47'),
(653, 'x29XwEzDXc', 'Lh6WK7R5V1', 0, '2016-01-11 02:35:18'),
(654, 'WGfHBMHCMj', 'P4eFgzKJuZ', 0, '2016-01-02 01:19:20'),
(655, 'tBVna7yTsE', 'aoT6ntNykS', 1, '2016-01-11 05:33:26'),
(656, 'HJ5smrKOSc', 'v6aC3UJVZE', 0, '2016-01-07 14:41:19'),
(657, 'x29XwEzDXc', 'WOIbtZKeJe', 1, '2015-12-19 13:46:13'),
(658, 'x29XwEzDXc', 'eTC700BOyW', 1, '2015-12-23 22:05:20'),
(659, '6zkawUjEZh', 'H42RG5Mq1L', 1, '2016-01-17 01:48:07'),
(660, '92moUUNOT8', '5XAO84NSjx', 0, '2015-12-18 12:12:10'),
(661, 'WeeSypTZkR', '7xrJFsJggi', 1, '2015-12-22 08:57:53'),
(662, 'pqDUjpGx67', 'cXmfP3lBtm', 0, '2015-12-31 11:33:50'),
(663, 'x29XwEzDXc', 'nyjYmr2akl', 1, '2016-01-20 04:31:32'),
(664, 'HJ5smrKOSc', 'IrT9byCVPS', 0, '2016-01-05 08:58:31'),
(665, 'bOwnM6YtrL', 'd2QAhGDCh6', 1, '2016-01-23 18:47:21'),
(666, 'PfsiwzMPMp', 'YFFiD2KGd4', 1, '2016-01-06 16:04:26'),
(667, 'pqDUjpGx67', '1WwV5HuHCj', 1, '2016-01-25 01:32:25'),
(668, 'bOwnM6YtrL', 'AQlrqD73gp', 0, '2015-12-22 12:07:19'),
(669, 'x29XwEzDXc', 'af4QxHTin7', 1, '2015-12-28 00:29:13'),
(670, '92moUUNOT8', 'np3Tl8BPQe', 0, '2016-01-17 03:17:26'),
(671, 'uuOWwxChmk', '8r4uSu80yo', 1, '2016-01-12 20:05:57'),
(672, 'pqDUjpGx67', 'pJEuAbcttz', 0, '2015-12-24 17:54:00'),
(673, 'pqDUjpGx67', 'AQZDKkMl9D', 1, '2016-01-04 06:52:09'),
(674, 'tzOvdXcdg0', 'Ai4ENX9WYI', 0, '2016-01-06 00:39:35'),
(675, 'HJ5smrKOSc', 'lorZS1a4vE', 1, '2016-01-01 13:10:15'),
(676, 'PfsiwzMPMp', 'E5vDJfYvB7', 1, '2016-01-19 05:50:24'),
(677, 'x29XwEzDXc', '8bqdQeaZa8', 0, '2015-12-19 15:19:56'),
(678, 'pqDUjpGx67', 'IvwaupbFtH', 1, '2016-01-23 13:38:02'),
(679, 'JYbJjqNVPR', 'j7MPLw4J1G', 1, '2016-01-17 21:51:44'),
(680, 'uuOWwxChmk', 'R9RhmIwxIG', 1, '2016-01-08 20:59:27'),
(681, 'PfsiwzMPMp', 'GqccAGBMl5', 1, '2015-12-25 05:08:09'),
(682, 'JYbJjqNVPR', 'tFdguYMzIO', 0, '2016-01-18 20:34:53'),
(683, 'pqDUjpGx67', 'fzY7RlPnSy', 1, '2016-01-10 13:01:01'),
(684, 'WeeSypTZkR', '4yYgLyXnli', 0, '2015-12-21 10:12:40'),
(685, 'uuOWwxChmk', 'sPYF5sES2m', 0, '2016-01-17 08:47:34'),
(686, 'mAopqsc5n4', 'GhWEpOZfcS', 0, '2015-12-29 17:56:59'),
(687, 'WGfHBMHCMj', 'NgqMxcluzG', 0, '2015-12-19 10:43:39'),
(688, 'UCDd8PLJT0', 'N2vLHBemtg', 0, '2016-01-25 16:29:53'),
(689, 'PfsiwzMPMp', 'JayFOYuOdG', 0, '2015-12-29 23:28:38'),
(690, 'pqDUjpGx67', 'G1X7Nuj9YS', 1, '2016-01-07 05:08:09'),
(691, 'tzOvdXcdg0', 'PMUlxCWMYq', 1, '2016-01-14 17:00:22'),
(692, 'HJ5smrKOSc', '2IABnpzRdN', 0, '2016-01-03 04:02:39'),
(693, 'WeeSypTZkR', 'yUOv1CZkLY', 0, '2015-12-20 17:48:41'),
(694, 'bOwnM6YtrL', 'dBK7WiKT4J', 0, '2015-12-19 08:23:35'),
(695, 'uuOWwxChmk', 'j7rUIPjiHx', 1, '2016-01-24 02:43:51'),
(696, 'bOwnM6YtrL', '5frULtxKNj', 0, '2016-01-03 15:37:26'),
(697, 'WGfHBMHCMj', 'J0Uu8RNSKR', 1, '2016-01-09 19:45:53'),
(698, 'x29XwEzDXc', 'C4Z3YHTi0A', 1, '2016-01-18 23:53:52'),
(699, 'tBVna7yTsE', 'Q5Qi0BLxlz', 1, '2016-01-14 15:07:19'),
(700, 'uuOWwxChmk', 'Q5ALzICnBm', 1, '2016-01-04 07:58:53'),
(701, 'YeAJBLTmsT', 'edqdhpVaHW', 0, '2016-01-24 16:46:07'),
(702, 'UCDd8PLJT0', 'Lx2BQ2cBAy', 0, '2015-12-20 11:32:35'),
(703, 'WeeSypTZkR', 'arEKcdtPA5', 0, '2016-01-16 16:55:05'),
(704, 'WeeSypTZkR', 'bPjC3A1ZLJ', 0, '2016-01-01 17:47:56'),
(705, '6zkawUjEZh', 'VwhY870kIB', 0, '2016-01-24 19:02:35'),
(706, 'WeeSypTZkR', 'TT3xEfL74m', 0, '2016-01-25 03:18:40'),
(707, 'PfsiwzMPMp', 'cgcwTf6VfS', 1, '2015-12-18 00:36:58'),
(708, 'uuOWwxChmk', 'EbpW9x39SM', 0, '2015-12-27 22:16:09'),
(709, 'HJ5smrKOSc', 'LMGOjk45s9', 1, '2015-12-30 13:25:53'),
(710, 'x29XwEzDXc', 'rFpDbjTie8', 1, '2016-01-14 20:19:38'),
(711, 'UCDd8PLJT0', 'aTjAPs8TC1', 0, '2016-01-03 01:40:51'),
(712, 'YeAJBLTmsT', 'GnNmc7Hgc9', 0, '2015-12-19 06:17:35'),
(713, 'WGfHBMHCMj', 'pDPPh08ain', 1, '2015-12-21 05:02:26'),
(714, 'YeAJBLTmsT', 'jtgD365bZI', 1, '2015-12-28 20:19:57'),
(715, 'uuOWwxChmk', 'dG602i7Kyk', 1, '2015-12-23 17:52:24'),
(716, 'mAopqsc5n4', 'TYYINfJWq1', 0, '2016-01-08 11:37:38'),
(717, 'tzOvdXcdg0', 'jKvznyFsKF', 0, '2016-01-24 19:37:38'),
(718, '6zkawUjEZh', 'bYlhYoz688', 0, '2015-12-15 08:03:37'),
(719, 'bOwnM6YtrL', 'r26pLTFuP6', 0, '2015-12-28 13:14:34'),
(720, 'UCDd8PLJT0', 'w9Q1IdAoFl', 1, '2015-12-30 07:53:04'),
(721, 'WGfHBMHCMj', '4Qjp8iOHpW', 1, '2015-12-28 01:32:20'),
(722, 'UCDd8PLJT0', 'PQYVgJPVeF', 0, '2015-12-16 12:16:23'),
(723, 'bOwnM6YtrL', '1KOSMx5nWL', 0, '2016-01-01 00:07:11'),
(724, 'HJ5smrKOSc', 'J0C3qKmerM', 1, '2016-01-25 18:42:59'),
(725, 'uuOWwxChmk', 'ahC9dTT2P7', 0, '2016-01-19 00:05:41'),
(726, 'tzOvdXcdg0', 'HRSwJF3O2Z', 1, '2015-12-29 16:55:46'),
(727, 'WGfHBMHCMj', 'zM0bPqVcEn', 1, '2016-01-08 16:39:33'),
(728, 'x29XwEzDXc', 'YPEBYRuRUj', 1, '2016-01-08 11:03:16'),
(729, 'WGfHBMHCMj', 'YCbR8UwcIz', 1, '2016-01-08 18:30:53'),
(730, 'PfsiwzMPMp', 'cilcubCpnh', 0, '2016-01-12 05:52:57'),
(731, 'tzOvdXcdg0', 'Nl6rX4jrVd', 0, '2016-01-13 03:05:09'),
(732, 'mAopqsc5n4', 'LUPWLXRhaA', 1, '2016-01-22 18:12:57'),
(733, 'WeeSypTZkR', 'RmScymobMM', 0, '2016-01-06 15:36:24'),
(734, 'x29XwEzDXc', 'sz8y15Ckwy', 1, '2016-01-14 23:39:44'),
(735, '6zkawUjEZh', 'yisnfel6wv', 0, '2016-01-13 11:01:44'),
(736, '92moUUNOT8', 'GnSyAqVYBH', 1, '2016-01-23 02:51:11'),
(737, 'UCDd8PLJT0', 'L3hTCjYeDv', 0, '2016-01-23 17:38:05'),
(738, 'tzOvdXcdg0', 'McOfz3tV9Z', 0, '2015-12-19 03:04:33'),
(739, 'mAopqsc5n4', 'rPnjoXJjWl', 1, '2016-01-18 09:16:36'),
(740, 'x29XwEzDXc', '1HpjB1Czfg', 0, '2015-12-31 17:35:20'),
(741, 'UCDd8PLJT0', '52sTi1WMX5', 1, '2015-12-19 15:50:30'),
(742, 'JYbJjqNVPR', 'MoV9Hj6rD3', 0, '2016-01-05 17:51:23'),
(743, '6zkawUjEZh', 'NEKcYmdAVt', 0, '2016-01-23 20:38:52'),
(744, 'tzOvdXcdg0', 'Q1wjUPlRBi', 1, '2016-01-21 01:40:10'),
(745, 'bOwnM6YtrL', 'WnHSwpbDQO', 0, '2015-12-27 21:44:41'),
(746, 'YeAJBLTmsT', 'HEtsQrO41K', 1, '2015-12-25 05:06:44'),
(747, 'WGfHBMHCMj', 'ySL5bGVwxw', 1, '2016-01-06 03:50:13'),
(748, 'YeAJBLTmsT', 'PuUwmrVy5M', 0, '2016-01-16 17:09:25'),
(749, 'HJ5smrKOSc', 'mMqQehh2mj', 1, '2016-01-21 20:47:08'),
(750, 'YeAJBLTmsT', 'NVcy1neWUM', 1, '2016-01-06 07:43:29'),
(751, '6zkawUjEZh', 'sKgngDObbT', 0, '2016-01-01 05:17:46'),
(752, 'PfsiwzMPMp', 'YxGpnUGFX3', 0, '2015-12-21 12:44:24'),
(753, 'uuOWwxChmk', 'YKZaj0yxWt', 0, '2016-01-02 12:40:00'),
(754, 'HJ5smrKOSc', 'kpdAMudBGo', 1, '2016-01-20 23:52:10'),
(755, 'JYbJjqNVPR', 'vEWb3k5KZ3', 0, '2016-01-16 23:19:46'),
(756, 'x29XwEzDXc', 'OYON97OIFL', 0, '2016-01-10 14:20:51'),
(757, 'YeAJBLTmsT', 'cZapAXUNzA', 0, '2015-12-15 15:09:59'),
(758, 'YeAJBLTmsT', 'c4e9fitl3s', 0, '2016-01-01 11:27:30'),
(759, '92moUUNOT8', 'pRrdFAlti1', 1, '2016-01-22 23:37:10'),
(760, 'UCDd8PLJT0', 'eu1pUBnOpW', 0, '2016-01-03 14:32:58'),
(761, 'tBVna7yTsE', 'pC0ELgWeCZ', 0, '2015-12-24 17:15:30'),
(762, '92moUUNOT8', 'H1R8fwJA02', 0, '2016-01-10 19:01:43'),
(763, '92moUUNOT8', 'CexDDsf0gE', 0, '2016-01-04 04:44:31'),
(764, 'bOwnM6YtrL', 'XGhYk2eggQ', 1, '2015-12-15 19:02:38'),
(765, 'tzOvdXcdg0', 'gYR876FQHF', 1, '2015-12-16 20:57:51'),
(766, '6zkawUjEZh', 'TjUqXyScz9', 0, '2015-12-25 04:04:19'),
(767, 'PfsiwzMPMp', 'RwP8u9aIqr', 0, '2015-12-30 08:51:01'),
(768, 'pqDUjpGx67', 'zHqqPxxvof', 0, '2016-01-04 11:13:40'),
(769, 'YeAJBLTmsT', 'ahz4IwCAJb', 0, '2016-01-23 04:22:29'),
(770, 'uuOWwxChmk', 'KAHAJcJTVa', 0, '2016-01-24 23:07:29'),
(771, 'JYbJjqNVPR', 'luSLVIjtdH', 0, '2016-01-09 23:06:02'),
(772, 'mAopqsc5n4', 'InZisHP4iy', 1, '2016-01-23 03:18:58'),
(773, 'WeeSypTZkR', 'g29YCSamM5', 0, '2016-01-11 17:09:04'),
(774, 'YeAJBLTmsT', 'x8zpTu7cXk', 0, '2015-12-22 15:31:00'),
(775, 'tBVna7yTsE', 'UGITYaBOfT', 0, '2015-12-15 15:58:52'),
(776, 'YeAJBLTmsT', 'mvWwtzpEWc', 0, '2015-12-27 20:58:15'),
(777, 'tzOvdXcdg0', 'JtkiTdN1qL', 0, '2015-12-20 13:06:07'),
(778, 'WeeSypTZkR', 'mks4eqfPfu', 0, '2016-01-17 15:29:08'),
(779, 'WeeSypTZkR', 'JC0F8tfy7b', 1, '2015-12-18 01:49:45'),
(780, 'UCDd8PLJT0', 'KRF4ayiXAI', 1, '2016-01-17 05:04:14'),
(781, 'x29XwEzDXc', 'JW3b0hCf7R', 0, '2016-01-22 02:00:36'),
(782, '92moUUNOT8', 'KQtKvCeLal', 0, '2015-12-26 14:40:59'),
(783, 'WeeSypTZkR', 'WUdCZnahkK', 0, '2016-01-01 02:04:14'),
(784, 'WeeSypTZkR', '04H3fHlRXs', 1, '2015-12-16 02:03:08'),
(785, 'bOwnM6YtrL', 'JIicsOOHzZ', 0, '2015-12-19 22:11:00'),
(786, 'uuOWwxChmk', '3wTg8TDjaY', 1, '2015-12-24 11:53:36'),
(787, 'WeeSypTZkR', '4a2LeitAar', 1, '2016-01-17 06:57:03'),
(788, 'x29XwEzDXc', '2T9l6C9VjJ', 0, '2015-12-26 18:36:08'),
(789, 'YeAJBLTmsT', 'UmgODoHgIR', 1, '2016-01-21 03:25:17'),
(790, 'YeAJBLTmsT', 'eM2gyhz2RJ', 0, '2015-12-26 10:46:27'),
(791, 'tBVna7yTsE', 'tTCDeIfoDz', 0, '2015-12-21 13:23:23'),
(792, 'x29XwEzDXc', '8yWomzM3Pv', 0, '2015-12-16 05:18:19'),
(793, 'tBVna7yTsE', 'V4iYlQfUT6', 0, '2015-12-18 11:20:45'),
(794, 'pqDUjpGx67', 'Dm0fZfYfDC', 0, '2016-01-17 19:38:15'),
(795, 'bOwnM6YtrL', 'PMaLaxkXAa', 0, '2016-01-13 20:19:27'),
(796, 'WeeSypTZkR', 'sweKuzBJtu', 1, '2016-01-01 02:58:31'),
(797, 'WeeSypTZkR', 'Q7RQmQ5l6J', 0, '2015-12-30 12:14:59'),
(798, 'UCDd8PLJT0', 'XVv8HGF2Dg', 0, '2016-01-19 00:27:23'),
(799, 'uuOWwxChmk', 'c5NqPh0q1u', 1, '2016-01-25 06:17:38'),
(800, 'pqDUjpGx67', 'VSBMIYDOjK', 1, '2016-01-09 10:03:01'),
(801, '6zkawUjEZh', 'yhF4qnK6pn', 1, '2016-01-21 15:38:21'),
(802, '92moUUNOT8', 'mBsa2ir3Jt', 0, '2015-12-23 08:12:54'),
(803, 'uuOWwxChmk', 'xEl9r474Tr', 0, '2016-01-24 18:25:32'),
(804, 'bOwnM6YtrL', 'OrJuw9Sgfh', 0, '2015-12-22 15:19:02'),
(805, 'x29XwEzDXc', 'ECT7MWqeZ9', 1, '2016-01-12 09:37:02'),
(806, 'tBVna7yTsE', 'IxO3Gg8Ok1', 1, '2016-01-18 01:57:45'),
(807, '92moUUNOT8', 'g9tZEZ8wgn', 0, '2016-01-04 19:49:05'),
(808, 'x29XwEzDXc', 'OV0H2MEt1D', 1, '2016-01-06 21:15:26'),
(809, 'UCDd8PLJT0', 'DJbrNSIVH3', 0, '2016-01-19 00:20:53'),
(810, 'mAopqsc5n4', 'XXcqWRq4oH', 0, '2015-12-24 14:10:58'),
(811, 'UCDd8PLJT0', 'scDsUGfz9g', 0, '2015-12-22 15:42:45'),
(812, 'UCDd8PLJT0', 'dM0oeNhWIY', 1, '2016-01-06 09:20:47'),
(813, '92moUUNOT8', 'ZGVc6S3xWs', 0, '2016-01-03 17:41:02'),
(814, 'mAopqsc5n4', 'fpFSSAy89H', 0, '2015-12-16 13:49:20'),
(815, 'JYbJjqNVPR', 'pmupKIc2EV', 1, '2015-12-26 19:18:39'),
(816, 'bOwnM6YtrL', '0DBWPIOTfL', 0, '2016-01-23 08:00:19'),
(817, 'pqDUjpGx67', 'mva1n3BWbK', 0, '2016-01-08 14:10:28'),
(818, 'tBVna7yTsE', 'EA68ZRQcTu', 0, '2015-12-23 03:53:16'),
(819, 'WGfHBMHCMj', '7U8IQYqESG', 1, '2015-12-31 07:59:05'),
(820, 'YeAJBLTmsT', 'pecAfADRwP', 0, '2015-12-16 07:25:25'),
(821, 'JYbJjqNVPR', 'BbqIjqAaCt', 0, '2016-01-15 04:18:38'),
(822, '6zkawUjEZh', 'FJnNseMTSE', 0, '2016-01-12 22:12:24'),
(823, '92moUUNOT8', 'AhTMS9mv0S', 1, '2015-12-29 18:21:33'),
(824, '92moUUNOT8', 'lC3LlnbVxO', 1, '2015-12-22 11:15:33'),
(825, 'PfsiwzMPMp', 'pcxN001NTT', 0, '2016-01-06 21:58:11'),
(826, '6zkawUjEZh', 'rtblf3uBzv', 0, '2016-01-22 20:16:07'),
(827, 'WGfHBMHCMj', 'uU7yGsWRnt', 1, '2015-12-26 16:43:50'),
(828, 'WeeSypTZkR', 'GNGdAHeBu7', 0, '2015-12-29 16:08:05'),
(829, '6zkawUjEZh', 'vWBGhRKLtj', 1, '2016-01-12 18:55:20'),
(830, 'JYbJjqNVPR', 'gYeowURsMe', 0, '2015-12-27 17:39:05'),
(831, 'tBVna7yTsE', 'Ws2DGCkUdO', 0, '2016-01-07 04:34:25'),
(832, 'tzOvdXcdg0', '2JKEp1waNZ', 0, '2016-01-06 05:58:54'),
(833, '92moUUNOT8', 't4XItuCkXp', 0, '2016-01-06 04:24:11'),
(834, '6zkawUjEZh', 'zTRBwydRtr', 0, '2016-01-22 10:44:48'),
(835, 'PfsiwzMPMp', 'FvaqaAsGKf', 1, '2016-01-01 04:17:07'),
(836, 'HJ5smrKOSc', 'GekDWN8z75', 0, '2015-12-20 21:39:08'),
(837, 'JYbJjqNVPR', 'YGZQhwovnR', 0, '2016-01-03 11:11:25'),
(838, 'uuOWwxChmk', 'W3n7txIVet', 0, '2016-01-18 23:29:29'),
(839, 'PfsiwzMPMp', 'bUHwyEjGer', 1, '2015-12-20 19:52:32'),
(840, 'mAopqsc5n4', 'Md8M3qirWG', 0, '2016-01-05 09:43:38'),
(841, 'PfsiwzMPMp', 'jSJG0ceI8s', 0, '2016-01-09 11:16:01'),
(842, 'bOwnM6YtrL', 'cjnUPVy9CN', 1, '2016-01-23 14:40:21'),
(843, 'PfsiwzMPMp', 'Bo0Kb3atv6', 1, '2016-01-03 15:41:39'),
(844, 'PfsiwzMPMp', '9OZTv06KJe', 1, '2016-01-23 18:09:20'),
(845, 'pqDUjpGx67', 'dVyAPowox8', 0, '2015-12-18 11:59:06'),
(846, 'bOwnM6YtrL', 'b9xcTIf4cL', 1, '2015-12-31 00:32:02'),
(847, 'WGfHBMHCMj', 'amAaf5alPT', 1, '2016-01-15 07:17:04'),
(848, 'UCDd8PLJT0', 'A2P8DEw924', 0, '2016-01-08 15:58:31'),
(849, 'JYbJjqNVPR', 'hedPq6xGbJ', 1, '2015-12-18 00:15:42'),
(850, 'JYbJjqNVPR', 'rl51wl7HHX', 1, '2015-12-29 01:10:16'),
(851, '6zkawUjEZh', 'Bh0qpD4VM7', 1, '2016-01-05 08:54:49'),
(852, 'pqDUjpGx67', 'Z4lcTMjrsu', 1, '2016-01-25 17:51:26'),
(853, 'pqDUjpGx67', 'bUQhWnC44j', 1, '2015-12-27 22:14:50'),
(854, 'x29XwEzDXc', '1FA15ZFaVs', 0, '2016-01-11 21:17:50'),
(855, 'WeeSypTZkR', 'iVwE7qqrST', 0, '2015-12-24 22:59:17'),
(856, 'JYbJjqNVPR', 'W3NNkKaXOf', 0, '2016-01-06 21:39:35'),
(857, 'YeAJBLTmsT', 'gQURS0RybM', 0, '2015-12-24 02:21:31'),
(858, 'WGfHBMHCMj', '0tHx7PYxhQ', 0, '2016-01-22 12:12:12'),
(859, 'tzOvdXcdg0', 'reTf1eZcbO', 0, '2015-12-26 18:36:14'),
(860, 'tzOvdXcdg0', 'rsFmjxnb5y', 0, '2015-12-17 15:04:34'),
(861, 'mAopqsc5n4', 'X61FD8vBGN', 0, '2015-12-21 16:34:03'),
(862, 'uuOWwxChmk', 'r71lm3AmgM', 1, '2016-01-13 09:17:04'),
(863, 'PfsiwzMPMp', 'aIeP4ynrJt', 1, '2016-01-18 06:25:50'),
(864, '6zkawUjEZh', 'ZHz1ndaSOQ', 0, '2015-12-18 10:56:38');
INSERT INTO `food_data` (`entry_number`, `food_identifier`, `person_identifier`, `is_interested`, `date_recorded`) VALUES
(865, 'tzOvdXcdg0', 'FgYHCkKcG0', 1, '2016-01-21 09:29:33'),
(866, 'PfsiwzMPMp', 'YRIdHNL5fu', 1, '2016-01-19 21:19:52'),
(867, 'tzOvdXcdg0', 'yec8gzlqr9', 1, '2015-12-23 03:34:07'),
(868, 'UCDd8PLJT0', 'g7qeO2zzfg', 0, '2016-01-08 14:26:09'),
(869, 'HJ5smrKOSc', 'Ae8jrP6dVl', 1, '2016-01-02 13:32:29'),
(870, 'x29XwEzDXc', 'ItAUCQtXgV', 0, '2015-12-20 07:51:16'),
(871, 'HJ5smrKOSc', '7x3yMRAlrQ', 0, '2016-01-22 17:48:08'),
(872, 'bOwnM6YtrL', 'C15KkwArKv', 1, '2016-01-09 00:23:06'),
(873, 'pqDUjpGx67', 'MsZnmBdQzu', 1, '2015-12-18 00:22:45'),
(874, 'pqDUjpGx67', 'MG2PeOGP97', 0, '2016-01-12 12:06:37'),
(875, 'tzOvdXcdg0', 'GL9Lwti6U2', 0, '2015-12-22 18:15:31'),
(876, 'PfsiwzMPMp', 'BHuA4RciIL', 0, '2016-01-07 22:19:10'),
(877, 'x29XwEzDXc', 'MusPjGD0wN', 0, '2016-01-15 16:24:54'),
(878, 'HJ5smrKOSc', '8czhY5LgbG', 0, '2015-12-20 17:32:25'),
(879, 'HJ5smrKOSc', 'iNnNnsFAKo', 0, '2016-01-17 15:14:14'),
(880, 'mAopqsc5n4', 'lxSOmcv0d1', 1, '2016-01-07 12:14:41'),
(881, 'x29XwEzDXc', 'NlemDcrptD', 1, '2015-12-23 08:26:29'),
(882, 'JYbJjqNVPR', '5MqtAOVfoG', 0, '2016-01-22 05:40:45'),
(883, '92moUUNOT8', 'DKewyBJ4BW', 0, '2016-01-20 02:40:41'),
(884, 'tBVna7yTsE', '6oikLVxcl0', 1, '2015-12-22 21:40:56'),
(885, 'UCDd8PLJT0', 'QqNgUn4QDt', 0, '2016-01-19 12:24:37'),
(886, 'JYbJjqNVPR', 'wgeLNNmwRX', 0, '2016-01-16 06:16:39'),
(887, 'tzOvdXcdg0', 'tXmLi7HPk2', 0, '2015-12-16 06:47:43'),
(888, 'JYbJjqNVPR', 'QatDrn0wdD', 0, '2016-01-03 08:46:07'),
(889, 'tzOvdXcdg0', 'ZKUevI1SfS', 0, '2016-01-14 19:52:39'),
(890, 'bOwnM6YtrL', 'QIQct8kaXF', 1, '2016-01-13 23:59:26'),
(891, 'PfsiwzMPMp', 'dOQGrh4sNi', 1, '2016-01-01 16:23:05'),
(892, 'tBVna7yTsE', '6N311zK2rZ', 0, '2015-12-30 22:46:14'),
(893, 'UCDd8PLJT0', 'VhHLuaTPlR', 1, '2015-12-18 18:06:34'),
(894, 'WeeSypTZkR', 'uyFkf7BjAp', 1, '2016-01-25 00:18:15'),
(895, 'PfsiwzMPMp', 'BGcEIeeshF', 0, '2016-01-24 02:15:30'),
(896, 'UCDd8PLJT0', 'rcX8YrjRhF', 1, '2016-01-25 16:29:32'),
(897, 'UCDd8PLJT0', 'JLdo5swHM6', 0, '2015-12-26 03:34:07'),
(898, '92moUUNOT8', '7oMk3vyhXP', 0, '2016-01-16 18:35:09'),
(899, 'mAopqsc5n4', 'Wo2Ux0mRSD', 1, '2015-12-23 22:38:19'),
(900, 'tBVna7yTsE', 'wBoK0udwcZ', 0, '2016-01-16 02:59:01'),
(901, 'pqDUjpGx67', 'CjopDrUcJS', 1, '2016-01-18 04:42:14'),
(902, '6zkawUjEZh', '2Gh5AO6WGY', 0, '2016-01-19 03:33:16'),
(903, 'WGfHBMHCMj', 'zcAYXBsa7F', 1, '2016-01-21 22:41:22'),
(904, 'PfsiwzMPMp', '9KZyaCZ5PJ', 0, '2016-01-23 21:22:13'),
(905, 'YeAJBLTmsT', 'XSpeX033WJ', 0, '2015-12-25 16:26:51'),
(906, '6zkawUjEZh', '2wWDuTeX3m', 1, '2016-01-19 23:43:22'),
(907, 'WeeSypTZkR', 'Dd7CLhfLm5', 0, '2016-01-09 10:35:02'),
(908, 'uuOWwxChmk', 'vkXUyUUCYR', 1, '2016-01-19 09:39:19'),
(909, 'JYbJjqNVPR', 'l1oiESbSQf', 1, '2016-01-05 04:34:19'),
(910, 'pqDUjpGx67', 'eusl6eDl00', 0, '2016-01-20 19:37:31'),
(911, 'PfsiwzMPMp', 'qvkoqTjlvh', 1, '2016-01-02 07:37:54'),
(912, 'x29XwEzDXc', 'cRjA9XtkPk', 0, '2016-01-21 10:21:51'),
(913, 'UCDd8PLJT0', 'z4O2pUh3gh', 0, '2016-01-04 06:27:06'),
(914, 'bOwnM6YtrL', '3HNo5diozN', 1, '2015-12-23 17:48:55'),
(915, 'uuOWwxChmk', 'GLFZmOWQ9M', 1, '2015-12-17 14:03:48'),
(916, 'PfsiwzMPMp', 'aJQYMgT3ja', 0, '2016-01-03 11:53:11'),
(917, 'WeeSypTZkR', 'lnR9LXn3lW', 0, '2016-01-10 09:50:15'),
(918, 'pqDUjpGx67', 'R2Hw14lYUu', 0, '2016-01-22 13:23:44'),
(919, 'tzOvdXcdg0', 'K4eA30RX3b', 0, '2015-12-28 20:44:44'),
(920, 'tBVna7yTsE', '8pyZykXVni', 0, '2015-12-21 21:29:17'),
(921, 'HJ5smrKOSc', 'SflAMmE7ly', 0, '2016-01-07 18:57:43'),
(922, 'WeeSypTZkR', 'C5DQGHQyFU', 1, '2015-12-31 01:24:46'),
(923, 'WeeSypTZkR', 'JNkhMSBKOZ', 1, '2015-12-20 14:11:51'),
(924, 'HJ5smrKOSc', '3Gfog1LU96', 0, '2016-01-24 13:57:12'),
(925, 'tzOvdXcdg0', 'tLc7BSPsqu', 1, '2016-01-20 23:07:04'),
(926, 'HJ5smrKOSc', 'mahGr4z3Oo', 0, '2016-01-04 07:52:17'),
(927, '92moUUNOT8', '2R4hfkj0fs', 1, '2016-01-17 18:03:30'),
(928, 'bOwnM6YtrL', '7JdjRPcGhD', 0, '2015-12-15 18:03:08'),
(929, 'mAopqsc5n4', 'aENrlevUhk', 0, '2015-12-25 12:30:54'),
(930, 'uuOWwxChmk', 'ikbnCrIVrY', 0, '2016-01-21 02:56:49'),
(931, 'PfsiwzMPMp', 'nzHBSzq4fH', 1, '2015-12-18 14:10:55'),
(932, 'UCDd8PLJT0', 'HpmvRHJnC1', 0, '2015-12-18 06:53:05'),
(933, '6zkawUjEZh', 'HUmTiYk0TM', 1, '2016-01-18 17:26:19'),
(934, 'bOwnM6YtrL', 'YhlGSdfiiv', 1, '2016-01-14 22:47:47'),
(935, 'WeeSypTZkR', '00VmvM4faG', 1, '2016-01-10 02:50:56'),
(936, '6zkawUjEZh', 'hRBDLTB5Tv', 1, '2015-12-27 06:43:26'),
(937, 'bOwnM6YtrL', 'RSMcyEqOXJ', 0, '2016-01-20 22:13:32'),
(938, 'PfsiwzMPMp', 'jYKekg1pvb', 1, '2016-01-11 12:15:21'),
(939, 'JYbJjqNVPR', '5N3GqOA2Uu', 0, '2016-01-24 23:05:38'),
(940, 'x29XwEzDXc', 'xLmjYVYpJV', 1, '2015-12-24 14:08:01'),
(941, 'PfsiwzMPMp', '83TTie9jDF', 0, '2015-12-16 09:19:41'),
(942, '92moUUNOT8', 'vJsyqTn0Vh', 1, '2015-12-16 22:22:37'),
(943, 'uuOWwxChmk', 'us3RL2MKrw', 1, '2015-12-16 21:07:16'),
(944, 'pqDUjpGx67', 'FAzztSODbs', 1, '2016-01-21 17:19:25'),
(945, 'JYbJjqNVPR', 'iHbKgCDDCz', 1, '2016-01-13 17:33:33'),
(946, 'x29XwEzDXc', 'V71YYN0Kxs', 0, '2016-01-22 18:11:30'),
(947, 'HJ5smrKOSc', 'gd2QNwIB9U', 0, '2015-12-21 00:54:36'),
(948, 'uuOWwxChmk', '4rBgcRSQvu', 1, '2016-01-18 14:14:42'),
(949, 'PfsiwzMPMp', 'pqBrpzeqkM', 0, '2016-01-19 09:35:02'),
(950, 'pqDUjpGx67', 'SBZVrMraoB', 0, '2016-01-05 07:00:12'),
(951, 'PfsiwzMPMp', '5t3HJfzB64', 1, '2016-01-18 19:23:04'),
(952, 'UCDd8PLJT0', '6wvHXVhcmB', 0, '2015-12-21 00:46:08'),
(953, 'UCDd8PLJT0', 'YfcXaEKCP9', 0, '2016-01-11 02:09:49'),
(954, 'PfsiwzMPMp', 'dVChClwbXD', 1, '2015-12-28 19:49:51'),
(955, 'mAopqsc5n4', 'g39ML7H3j4', 0, '2015-12-18 04:09:43'),
(956, 'YeAJBLTmsT', 'EhjRfuw06m', 1, '2016-01-17 00:43:31'),
(957, 'tzOvdXcdg0', '9khMCT8855', 0, '2015-12-27 06:39:45'),
(958, 'x29XwEzDXc', 'Mm9W8V3QYm', 1, '2016-01-24 18:20:13'),
(959, 'uuOWwxChmk', 'UCEeuUI1UP', 1, '2015-12-28 08:01:37'),
(960, 'WeeSypTZkR', 'n4aERMyZVD', 0, '2016-01-21 08:10:09'),
(961, 'x29XwEzDXc', '5HZfD8aGY8', 1, '2015-12-17 12:27:29'),
(962, 'YeAJBLTmsT', '3TLI7fCQhx', 0, '2015-12-20 07:16:25'),
(963, '92moUUNOT8', 'FEBPitCRsx', 1, '2016-01-03 08:04:46'),
(964, 'mAopqsc5n4', 'uyeuNSDXzB', 1, '2016-01-08 15:37:44'),
(965, '6zkawUjEZh', '5DvRlD6Yto', 1, '2016-01-02 03:01:48'),
(966, '92moUUNOT8', 'v927YlBBc3', 0, '2015-12-20 09:29:26'),
(967, 'UCDd8PLJT0', '8HCncpgPnP', 0, '2016-01-15 19:44:05'),
(968, '6zkawUjEZh', 'rtsXkOArM3', 0, '2016-01-15 08:01:26'),
(969, 'WGfHBMHCMj', 'PicRqbd1Mq', 0, '2015-12-24 09:28:19'),
(970, 'bOwnM6YtrL', '5V7Hik7y9u', 1, '2016-01-22 04:07:27'),
(971, 'YeAJBLTmsT', 'oBXRyhF8Is', 1, '2015-12-16 10:53:47'),
(972, 'mAopqsc5n4', 'cyLpqbADdn', 0, '2016-01-17 02:00:43'),
(973, 'x29XwEzDXc', '3ijb0Cv7bF', 0, '2016-01-22 22:48:47'),
(974, 'WeeSypTZkR', 'BzgzqOQ5Xz', 1, '2016-01-04 05:40:40'),
(975, 'WeeSypTZkR', 'ya7jzxuabI', 0, '2016-01-25 12:35:28'),
(976, 'x29XwEzDXc', 'xe1Qq1tV9E', 0, '2015-12-18 21:08:27'),
(977, 'bOwnM6YtrL', 'AKdRjDGaJD', 1, '2016-01-01 20:35:48'),
(978, 'YeAJBLTmsT', 'KhNSBnq5xB', 1, '2016-01-08 22:47:14'),
(979, 'mAopqsc5n4', 'O4QPVgRob0', 1, '2015-12-19 07:16:48'),
(980, 'mAopqsc5n4', '2MLgD5UkfE', 0, '2016-01-05 13:05:58'),
(981, 'mAopqsc5n4', 'Y0WLSx9iDG', 0, '2016-01-14 23:24:22'),
(982, 'tBVna7yTsE', 'UrLKgG185d', 1, '2016-01-24 21:09:11'),
(983, 'WGfHBMHCMj', '88ZTpDYjXe', 1, '2015-12-16 21:25:17'),
(984, 'JYbJjqNVPR', 'XVeTH6qQp4', 0, '2015-12-29 11:56:51'),
(985, '92moUUNOT8', 'xjvi4MZ5U4', 0, '2016-01-01 14:04:03'),
(986, 'UCDd8PLJT0', 'i2diWCWUWT', 1, '2016-01-21 02:53:28'),
(987, 'mAopqsc5n4', '8TPnNxueoT', 0, '2015-12-29 23:31:20'),
(988, 'tBVna7yTsE', 'iVdOdiAcou', 0, '2016-01-14 19:34:45'),
(989, 'HJ5smrKOSc', 'hHxuZt7Vn3', 1, '2015-12-21 01:49:02'),
(990, 'tBVna7yTsE', 'PwXFTKcoZB', 1, '2016-01-17 08:05:47'),
(991, 'WeeSypTZkR', 'iiwv6KOGWc', 1, '2016-01-04 12:27:16'),
(992, '92moUUNOT8', 'aeTHITaPPy', 0, '2016-01-02 08:55:17'),
(993, 'YeAJBLTmsT', 'TF5QlZBynA', 0, '2016-01-05 03:41:44'),
(994, 'pqDUjpGx67', '9FSFbYqZEm', 0, '2016-01-17 06:54:49'),
(995, 'uuOWwxChmk', 'cPA5xjZI9P', 1, '2015-12-23 15:06:12'),
(996, 'UCDd8PLJT0', 'h2umTPlunI', 0, '2015-12-27 19:55:13'),
(997, 'x29XwEzDXc', '4xoXdzWDzA', 0, '2015-12-25 01:56:33'),
(998, 'tzOvdXcdg0', '0LqBRYUQG4', 0, '2015-12-21 07:28:34'),
(999, 'JYbJjqNVPR', 'GY7ak00Fvo', 0, '2015-12-16 15:06:35'),
(1000, 'UCDd8PLJT0', 'ozVMx8mtLV', 1, '2016-01-24 08:51:53'),
(1001, 'WGfHBMHCMj', '4LGvmxthoa', 1, '2016-01-18 11:40:28'),
(1002, 'pqDUjpGx67', 'l48sfstg8Y', 1, '2016-01-06 02:36:07'),
(1003, '92moUUNOT8', 'Exyzk5HGzt', 0, '2015-12-16 02:30:42'),
(1004, 'YeAJBLTmsT', 'BDei8BQCSf', 0, '2016-01-06 18:39:52'),
(1005, '6zkawUjEZh', 'MdkVGAoaQx', 1, '2016-01-10 00:46:57'),
(1006, 'tBVna7yTsE', '8u4G3oML5m', 0, '2016-01-24 09:03:54'),
(1007, 'YeAJBLTmsT', 'eGZtZ84QLW', 1, '2016-01-23 12:23:07'),
(1008, 'x29XwEzDXc', '5yaptQ0S0Q', 1, '2016-01-18 10:00:24'),
(1009, 'WeeSypTZkR', 'p9ktQoSC9X', 0, '2016-01-16 07:09:49'),
(1010, 'WGfHBMHCMj', 'YoEYRE7VuS', 1, '2015-12-20 00:38:38'),
(1011, 'tzOvdXcdg0', 'Rzr2ZUSZNT', 1, '2016-01-10 19:11:29'),
(1012, 'PfsiwzMPMp', 'Pc2aGSzyvI', 1, '2016-01-06 06:18:42'),
(1013, 'tBVna7yTsE', 'wu7atYOAUi', 1, '2016-01-05 09:37:26'),
(1014, 'bOwnM6YtrL', 'tMSUOSPHSC', 0, '2016-01-01 14:49:39'),
(1015, 'WeeSypTZkR', 'AIPDSvvr41', 0, '2016-01-13 23:27:32'),
(1016, '92moUUNOT8', 'aAwiLZgAAb', 1, '2016-01-21 13:50:59'),
(1017, 'bOwnM6YtrL', 'T3XLYLEOsw', 0, '2015-12-22 08:45:05'),
(1018, 'bOwnM6YtrL', 'q3egG7LczP', 1, '2016-01-12 21:31:43'),
(1019, 'UCDd8PLJT0', 'eKqK2bJjLj', 0, '2015-12-24 21:49:12'),
(1020, '92moUUNOT8', 'vEnsqle59H', 1, '2016-01-22 02:52:17'),
(1021, '6zkawUjEZh', 'BALQQrYCEy', 0, '2016-01-23 14:40:26'),
(1022, 'x29XwEzDXc', 'sSiSDl4mFQ', 0, '2015-12-19 12:59:00'),
(1023, '6zkawUjEZh', 'fEutAhDCZE', 0, '2016-01-30 21:35:47'),
(1024, 'pqDUjpGx67', 'fEutAhDCZE', 0, '2016-01-30 21:35:54'),
(1025, '92moUUNOT8', 'fEutAhDCZE', 0, '2016-01-30 21:38:10'),
(1026, '92moUUNOT8', 'bHdBdIZQQw', 0, '2016-01-30 22:17:51'),
(1028, 'tzOvdXcdg0', 'bHdBdIZQQw', 1, '2016-01-31 19:19:25'),
(1029, 'PfsiwzMPMp', 'bHdBdIZQQw', 0, '2016-01-31 04:20:54'),
(1030, 'uuOWwxChmk', 'bHdBdIZQQw', 0, '2016-01-31 04:21:58'),
(1031, 'HJ5smrKOSc', 'bHdBdIZQQw', 0, '2016-01-31 04:39:36'),
(1032, 'mAopqsc5n4', 'bHdBdIZQQw', 0, '2016-01-31 15:23:38'),
(1033, 'UCDd8PLJT0', 'bHdBdIZQQw', 0, '2016-01-31 17:34:44'),
(1034, 'pqDUjpGx67', 'bHdBdIZQQw', 1, '2016-02-05 01:45:38'),
(1035, 'uuOWwxChmk', 'fEutAhDCZE', 1, '2016-02-01 20:51:57'),
(1036, 'WGfHBMHCMj', 'fEutAhDCZE', 1, '2016-02-05 21:37:35'),
(1037, 'pqDUjpGx67', 'bHdBdIZQQw', 1, '2016-02-05 01:45:38'),
(1038, 'WGfHBMHCMj', 'bHdBdIZQQw', 1, '2016-02-02 20:24:50'),
(1039, 'tzOvdXcdg0', 'bHdBdIZQQw', 0, '2016-02-02 20:25:12'),
(1040, 'uuOWwxChmk', 'bHdBdIZQQw', 0, '2016-02-02 20:25:31'),
(1041, 'bOwnM6YtrL', 'bHdBdIZQQw', 1, '2016-02-05 01:45:58'),
(1042, 'YeAJBLTmsT', 'bHdBdIZQQw', 0, '2016-02-02 20:26:05'),
(1043, '6zkawUjEZh', 'bHdBdIZQQw', 1, '2016-02-02 20:27:16'),
(1044, '92moUUNOT8', 'bHdBdIZQQw', 0, '2016-02-02 20:32:51'),
(1045, 'pqDUjpGx67', 'bHdBdIZQQw', 1, '2016-02-05 01:45:38'),
(1046, 'bOwnM6YtrL', 'bHdBdIZQQw', 1, '2016-02-05 01:45:58'),
(1047, 'x29XwEzDXc', 'bHdBdIZQQw', 0, '2016-02-05 01:46:17'),
(1048, 'uuOWwxChmk', 'bHdBdIZQQw', 0, '2016-02-05 01:49:31'),
(1049, 'PfsiwzMPMp', 'bHdBdIZQQw', 0, '2016-02-05 01:52:46'),
(1050, '6zkawUjEZh', 'bHdBdIZQQw', 0, '2016-02-05 01:55:33'),
(1051, 'JYbJjqNVPR', 'bHdBdIZQQw', 0, '2016-02-05 02:01:06'),
(1053, 'pqDUjpGx67', 'fEutAhDCZE', 0, '2016-02-05 20:00:22'),
(1054, 'uuOWwxChmk', 'fEutAhDCZE', 1, '2016-02-05 20:00:32'),
(1055, 'YeAJBLTmsT', 'fEutAhDCZE', 0, '2016-02-05 20:00:37'),
(1056, 'HJ5smrKOSc', 'fEutAhDCZE', 0, '2016-02-05 20:09:16'),
(1057, 'x29XwEzDXc', 'fEutAhDCZE', 1, '2016-02-05 21:46:53'),
(1058, 'WGfHBMHCMj', 'fEutAhDCZE', 1, '2016-02-05 21:37:35'),
(1059, 'PfsiwzMPMp', 'fEutAhDCZE', 0, '2016-02-05 21:46:56'),
(1060, 'pqDUjpGx67', 'bHdBdIZQQw', 0, '2016-02-06 21:43:13'),
(1061, 'WGfHBMHCMj', 'bHdBdIZQQw', 0, '2016-02-06 21:43:15'),
(1062, 'bOwnM6YtrL', 'bHdBdIZQQw', 1, '2016-02-06 21:43:36'),
(1063, 'WeeSypTZkR', 'bHdBdIZQQw', 0, '2016-02-06 21:49:18'),
(1064, 'PfsiwzMPMp', 'bHdBdIZQQw', 0, '2016-02-06 21:55:51'),
(1065, 'tzOvdXcdg0', 'bHdBdIZQQw', 0, '2016-02-06 21:56:23'),
(1066, 'UCDd8PLJT0', 'bHdBdIZQQw', 0, '2016-02-06 23:42:41');

-- --------------------------------------------------------

--
-- Table structure for table `food_items`
--

CREATE TABLE `food_items` (
  `food_identifier` varchar(10) NOT NULL,
  `category_identifier` varchar(10) DEFAULT NULL,
  `photo_src` varchar(500) DEFAULT NULL,
  `food_name` varchar(100) DEFAULT NULL,
  `food_description` varchar(500) DEFAULT NULL,
  `portion_prices` varchar(1000) DEFAULT NULL,
  `date_created` timestamp NOT NULL DEFAULT CURRENT_TIMESTAMP ON UPDATE CURRENT_TIMESTAMP
) ENGINE=InnoDB DEFAULT CHARSET=latin1;

--
-- Dumping data for table `food_items`
--

INSERT INTO `food_items` (`food_identifier`, `category_identifier`, `photo_src`, `food_name`, `food_description`, `portion_prices`, `date_created`) VALUES
('6zkawUjEZh', '1AgvUSaTBy', 'http://localhost/MobileMenu/Images/pumpkin_pancakes.jpg', 'Lily P.&#039;s Pumpkin Cakes', 'Just like pumpkin pie, with real whipped cream on top.', '1 CakeVxZcCo8SdT$7.00NgQg2W6Dpn2 CakesVxZcCo8SdT$9.00NgQg2W6Dpn', '2016-01-08 16:03:15'),
('92moUUNOT8', '1AgvUSaTBy', 'http://localhost/MobileMenu/Images/belgian_waffle.jpg', 'Waffle', 'An 8 belgian waffle from our homemade mix', '1 WaffleVxZcCo8SdT$8.00NgQg2W6Dpn', '2016-01-08 17:49:36'),
('AM0GazDDBE', '', 'http://localhost/MobileMenu/Images/no_image_available.png', 'Untitled Food', '', '1 ServingVxZcCo8SdT$10.00NgQg2W6Dpn', '2016-01-26 22:32:56'),
('bOwnM6YtrL', 'J8PoAprgLd', 'Images/oatmeal.jpg', 'Oatmeal', 'Hearty and house made, with rolled oats, apple compote and fresh fruit.', '1 BowlVxZcCo8SdT$5.00NgQg2W6Dpn', '2016-01-08 18:09:42'),
('ENzU4RgQCR', 'OjIP0hpXg5', 'Images/burrito.jpg', 'Example Food name', 'This is my description', '1 whole portionVxZcCo8SdT$5.50NgQg2W6Dpn', '2016-01-21 03:15:32'),
('HJ5smrKOSc', 'oz7Vax7JNJ', 'http://localhost/MobileMenu/Images/oatmeal_bread.jpg', 'Oatmeal Bread', '', '1 LoafVxZcCo8SdT$5.00NgQg2W6Dpn', '2016-01-11 04:40:22'),
('JYbJjqNVPR', 'J8PoAprgLd', 'Images/homemade_granola.jpg', 'Homemade Granola', 'Made with oats, cashews, pecans &amp; honey, served with yogurt or milk and fresh fruit, +2.00', '1 BowlVxZcCo8SdT$5.00NgQg2W6Dpn', '2016-01-08 18:19:27'),
('mAopqsc5n4', 'J8PoAprgLd', 'http://localhost/MobileMenu/Images/fab_five.jpg', 'Fab Five', 'a sandwich of scrambled egg whites, baby spinach, and turkey bacon on toasted gluten free bread, served with a cup of fruit salad\n', '1 SandwhichVxZcCo8SdT$13.00NgQg2W6Dpn', '2016-01-08 18:08:55'),
('PfsiwzMPMp', '1AgvUSaTBy', 'http://localhost/MobileMenu/Images/french_toast.jpeg', 'French Toast', 'Choose any of our homemade breads.', '1 PieceVxZcCo8SdT$6.00NgQg2W6Dpn2 PiecesVxZcCo8SdT$8.00NgQg2W6Dpn3 PiecesVxZcCo8SdT$10.00NgQg2W6Dpn', '2016-01-08 17:41:07'),
('pqDUjpGx67', '1AgvUSaTBy', 'http://localhost/MobileMenu/Images/apple_cinnamon_pancakes.jpg', 'Orchard Cakes', 'Pancake with sliced apples inside, warm apple compote, real whipped cream, and cinnamon sugar on top.', '1 CakeVxZcCo8SdT$8.00NgQg2W6Dpn2 CakesVxZcCo8SdT$10.00NgQg2W6Dpn', '2016-01-08 17:14:00'),
('tBVna7yTsE', '1AgvUSaTBy', 'Images/kings_cakes.jpg', 'King Cakes', 'Two mini pancakes with bananas &amp; chocolate chips inside &amp; peanut butter in between, with real whipped cream on top; encircled by a side of bacon (or turkey or vegetarian bacon, but Elvis will roll in his grave)', '2 &quot;Mini&quot; CakesVxZcCo8SdT$12.50NgQg2W6Dpn', '2016-01-08 17:35:53'),
('tzOvdXcdg0', 'oz7Vax7JNJ', 'http://localhost/MobileMenu/Images/cinamon_rainson_bread.jpg', 'Cinnamon Raison Bread', '', '1 LoafVxZcCo8SdT$5.00NgQg2W6Dpn', '2016-01-11 04:40:27'),
('UCDd8PLJT0', 'oz7Vax7JNJ', 'http://localhost/MobileMenu/Images/anadama_bread.jpg', 'Anadama Bread', '', '1 LoafVxZcCo8SdT$5.00NgQg2W6Dpn', '2016-01-11 04:40:33'),
('uuOWwxChmk', '1AgvUSaTBy', 'Images/pancakes.jpg', 'Pancakes', 'Plain or with blueberries, chocolate chips, or bananas', '1 CakeVxZcCo8SdT$6.00NgQg2W6Dpn2 CakesVxZcCo8SdT$8.00NgQg2W6Dpn3 CakesVxZcCo8SdT$10.00NgQg2W6Dpn', '2016-01-08 15:34:58'),
('WeeSypTZkR', 'oz7Vax7JNJ', 'http://localhost/MobileMenu/Images/whole_wheat_bread.jpg', 'Whole Wheat Bread', '', '1 LoafVxZcCo8SdT$5.00NgQg2W6Dpn', '2016-01-11 04:40:40'),
('WGfHBMHCMj', '1AgvUSaTBy', 'http://localhost/MobileMenu/Images/Coconut_Cakes.jpg', 'Coconut Cakes', 'Shredded coconut &amp; chocolate chips, drizzled with coconut sauce and topped with crushed pecans.', '1 CakeVxZcCo8SdT$7.00NgQg2W6Dpn2 CakesVxZcCo8SdT$9.00NgQg2W6Dpn', '2016-01-08 16:52:07'),
('x29XwEzDXc', 'oz7Vax7JNJ', 'http://localhost/MobileMenu/Images/cayenne_cheddar_bread.jpg', 'Cayenne Cheddar Bread', '', '1 LoafVxZcCo8SdT$5.00NgQg2W6Dpn', '2016-01-11 04:40:45'),
('YeAJBLTmsT', '1AgvUSaTBy', 'http://localhost/MobileMenu/Images/caribbean_waffle.jpg', 'Caribbean Waffle', 'An 8&quot; belgian waffle topped with caramelized bananas and crushed pecans.', '1 WaffleVxZcCo8SdT$10.00NgQg2W6Dpn', '2016-01-08 17:48:39');

-- --------------------------------------------------------

--
-- Table structure for table `question_items`
--

CREATE TABLE `question_items` (
  `entry_number` int(11) NOT NULL,
  `survey_identifier` varchar(10) DEFAULT NULL,
  `question_identifier` varchar(10) DEFAULT NULL,
  `question_type` int(1) DEFAULT NULL,
  `question_text` varchar(500) DEFAULT NULL
) ENGINE=InnoDB DEFAULT CHARSET=latin1;

-- --------------------------------------------------------

--
-- Table structure for table `response_items`
--

CREATE TABLE `response_items` (
  `entry_number` int(11) NOT NULL,
  `answer_identifier` varchar(10) DEFAULT NULL,
  `person_identifier` varchar(10) DEFAULT NULL,
  `response_text` varchar(500) DEFAULT NULL,
  `is_interested` tinyint(1) NOT NULL,
  `response_date` timestamp NOT NULL DEFAULT CURRENT_TIMESTAMP ON UPDATE CURRENT_TIMESTAMP,
  `survey_identifier` varchar(10) NOT NULL
) ENGINE=InnoDB DEFAULT CHARSET=latin1;

-- --------------------------------------------------------

--
-- Table structure for table `restaurant`
--

CREATE TABLE `restaurant` (
  `restaurant_identifier` varchar(10) NOT NULL,
  `restaurant_name` varchar(100) DEFAULT NULL,
  `owner_email` varchar(50) DEFAULT NULL,
  `owner_password` varchar(50) DEFAULT NULL,
  `date_create` timestamp NOT NULL DEFAULT CURRENT_TIMESTAMP ON UPDATE CURRENT_TIMESTAMP
) ENGINE=InnoDB DEFAULT CHARSET=latin1;

--
-- Dumping data for table `restaurant`
--

INSERT INTO `restaurant` (`restaurant_identifier`, `restaurant_name`, `owner_email`, `owner_password`, `date_create`) VALUES
('1234567890', 'My Restaurant', 'email@example.com', 'password', '2016-01-03 07:57:23');

-- --------------------------------------------------------

--
-- Table structure for table `survey_items`
--

CREATE TABLE `survey_items` (
  `entry_number` int(11) NOT NULL,
  `food_identifier` varchar(10) DEFAULT NULL,
  `survey_identifier` varchar(10) DEFAULT NULL,
  `survey_size` int(4) DEFAULT NULL,
  `surveys_remaining` int(4) DEFAULT NULL,
  `start_date` datetime DEFAULT NULL,
  `end_date` datetime DEFAULT NULL
) ENGINE=InnoDB DEFAULT CHARSET=latin1;

--
-- Indexes for dumped tables
--

--
-- Indexes for table `answer_items`
--
ALTER TABLE `answer_items`
  ADD PRIMARY KEY (`entry_number`);

--
-- Indexes for table `food_categories`
--
ALTER TABLE `food_categories`
  ADD PRIMARY KEY (`category_identifier`);

--
-- Indexes for table `food_data`
--
ALTER TABLE `food_data`
  ADD PRIMARY KEY (`entry_number`);

--
-- Indexes for table `food_items`
--
ALTER TABLE `food_items`
  ADD PRIMARY KEY (`food_identifier`);

--
-- Indexes for table `question_items`
--
ALTER TABLE `question_items`
  ADD PRIMARY KEY (`entry_number`);

--
-- Indexes for table `response_items`
--
ALTER TABLE `response_items`
  ADD PRIMARY KEY (`entry_number`);

--
-- Indexes for table `survey_items`
--
ALTER TABLE `survey_items`
  ADD PRIMARY KEY (`entry_number`);

--
-- AUTO_INCREMENT for dumped tables
--

--
-- AUTO_INCREMENT for table `answer_items`
--
ALTER TABLE `answer_items`
  MODIFY `entry_number` int(11) NOT NULL AUTO_INCREMENT, AUTO_INCREMENT=241;
--
-- AUTO_INCREMENT for table `food_data`
--
ALTER TABLE `food_data`
  MODIFY `entry_number` int(11) NOT NULL AUTO_INCREMENT, AUTO_INCREMENT=1067;
--
-- AUTO_INCREMENT for table `question_items`
--
ALTER TABLE `question_items`
  MODIFY `entry_number` int(11) NOT NULL AUTO_INCREMENT, AUTO_INCREMENT=147;
--
-- AUTO_INCREMENT for table `response_items`
--
ALTER TABLE `response_items`
  MODIFY `entry_number` int(11) NOT NULL AUTO_INCREMENT, AUTO_INCREMENT=81;
--
-- AUTO_INCREMENT for table `survey_items`
--
ALTER TABLE `survey_items`
  MODIFY `entry_number` int(11) NOT NULL AUTO_INCREMENT, AUTO_INCREMENT=74;
/*!40101 SET CHARACTER_SET_CLIENT=@OLD_CHARACTER_SET_CLIENT */;
/*!40101 SET CHARACTER_SET_RESULTS=@OLD_CHARACTER_SET_RESULTS */;
/*!40101 SET COLLATION_CONNECTION=@OLD_COLLATION_CONNECTION */;
